school_name,station_id,mean_value,distance_m
1005,124,26.25986842105263,2771.3543165894666
1281,124,26.25986842105263,3910.9192882923844
1267,124,26.25986842105263,3148.0003962515034
1263,124,26.25986842105263,4249.298900338963
1271,124,26.25986842105263,3394.62767545117
887,124,26.25986842105263,1829.3739889493195
873,124,26.25986842105263,3335.095543118374
871,124,26.25986842105263,2397.0699636581408
1257,124,26.25986842105263,3238.8150555983707
1133,124,26.25986842105263,927.4874755157305
1201,124,26.25986842105263,3862.796471467414
1195,124,26.25986842105263,3744.887357240263
1073,124,26.25986842105263,1854.0560476492487
1203,124,26.25986842105263,2423.9763366771954
1029,124,26.25986842105263,1950.1867390812479
1025,124,26.25986842105263,2298.1182451693367
1023,124,26.25986842105263,2672.568465102778
1205,124,26.25986842105263,5101.488724724963
1209,124,26.25986842105263,4245.014605347195
1031,124,26.25986842105263,1481.8820735333697
1035,124,26.25986842105263,1040.7810621323463
1223,124,26.25986842105263,3975.4151334528487
971,124,26.25986842105263,3155.0110489163094
1093,124,26.25986842105263,1881.433860712927
1101,124,26.25986842105263,957.4303848897405
1129,124,26.25986842105263,1132.3758617429112
1113,124,26.25986842105263,1982.5029540634737
1103,124,26.25986842105263,1715.8751419466175
907,124,26.25986842105263,3047.043966563945
957,124,26.25986842105263,2251.324472670815
1083,124,26.25986842105263,3036.6598794082106
1131,124,26.25986842105263,2474.931706772945
1047,124,26.25986842105263,1547.4560076007413
1057,124,26.25986842105263,576.4590751168382
1039,124,26.25986842105263,169.51531860920676
1284,144,26.049180327868854,2902.578580735319
1282,144,26.049180327868854,8414.401632489451
1276,144,26.049180327868854,2453.228605697074
1242,144,26.049180327868854,5062.795600204712
1248,144,26.049180327868854,161.26362949902753
1250,144,26.049180327868854,396.7399221521626
1252,144,26.049180327868854,828.5535635915624
1254,144,26.049180327868854,1140.5468443450018
1272,144,26.049180327868854,259.1132536754132
1260,144,26.049180327868854,5814.314258202345
1258,144,26.049180327868854,1155.3346665355625
1268,144,26.049180327868854,2754.6122982513716
1294,144,26.049180327868854,2498.562381817105
1206,144,26.049180327868854,5792.835594980671
1214,144,26.049180327868854,8466.02039026236
1216,144,26.049180327868854,4501.35815739767
1238,144,26.049180327868854,5032.0762283959
1234,144,26.049180327868854,2201.2523319784673
1236,144,26.049180327868854,1568.3363074912995
1180,144,26.049180327868854,1454.2068082892492
1182,144,26.049180327868854,1814.7314114146732
1184,144,26.049180327868854,429.6707080120299
1186,144,26.049180327868854,4248.059753781789
1190,144,26.049180327868854,915.735679397778
1188,144,26.049180327868854,603.5882999555938
1192,144,26.049180327868854,7613.151911410182
1196,144,26.049180327868854,3691.0152399413105
1198,144,26.049180327868854,6630.177942185556
1218,144,26.049180327868854,5451.666848614486
1220,144,26.049180327868854,1198.9788862096377
1226,144,26.049180327868854,2122.463483893286
1210,144,26.049180327868854,2168.1923599446345
1212,144,26.049180327868854,747.8079508963671
1176,144,26.049180327868854,651.835491889988
1174,144,26.049180327868854,4812.544160453291
1142,144,26.049180327868854,4720.532250460835
1140,144,26.049180327868854,2680.1438347783605
1164,144,26.049180327868854,6873.419424752804
1144,144,26.049180327868854,1317.0406736816612
1166,144,26.049180327868854,602.2650511898304
1168,144,26.049180327868854,2995.3552000814448
1172,144,26.049180327868854,834.8072542693366
1170,144,26.049180327868854,689.5032936926611
1178,144,26.049180327868854,1303.826705758132
1118,144,26.049180327868854,1602.892371835592
1414,144,26.049180327868854,2902.58140607102
1404,144,26.049180327868854,9410.24537317627
1298,144,26.049180327868854,4907.628876375831
1358,144,26.049180327868854,4689.497396917343
1360,144,26.049180327868854,2996.8040679497417
1296,144,26.049180327868854,3272.8269112689172
1297,144,25.167763157894736,3272.8269112689172
1171,144,25.167763157894736,689.5032936926611
1165,144,25.167763157894736,6873.419424752804
1167,144,25.167763157894736,602.2650511898304
1169,144,25.167763157894736,2995.3552000814448
1173,144,25.167763157894736,834.8072542693366
1175,144,25.167763157894736,4812.544160453291
1177,144,25.167763157894736,651.835491889988
1119,144,25.167763157894736,1602.892371835592
1405,144,25.167763157894736,9410.24537317627
1415,144,25.167763157894736,2902.58140607102
1361,144,25.167763157894736,2996.8040679497417
1359,144,25.167763157894736,4689.497396917343
1299,144,25.167763157894736,4907.628876375831
1145,144,25.167763157894736,1317.0406736816612
1141,144,25.167763157894736,2680.1438347783605
1143,144,25.167763157894736,4720.532250460835
1261,144,25.167763157894736,5814.314258202345
1269,144,25.167763157894736,2754.6122982513716
1259,144,25.167763157894736,1155.3346665355625
1285,144,25.167763157894736,2902.578580735319
1273,144,25.167763157894736,259.1132536754132
1277,144,25.167763157894736,2453.228605697074
1227,144,25.167763157894736,2122.463483893286
1237,144,25.167763157894736,1568.3363074912995
1239,144,25.167763157894736,5032.0762283959
1249,144,25.167763157894736,161.26362949902753
1235,144,25.167763157894736,2201.2523319784673
1219,144,25.167763157894736,5451.666848614486
1221,144,25.167763157894736,1198.9788862096377
1207,144,25.167763157894736,5792.835594980671
1215,144,25.167763157894736,8466.02039026236
1213,144,25.167763157894736,747.8079508963671
1211,144,25.167763157894736,2168.1923599446345
1217,144,25.167763157894736,4501.35815739767
1243,144,25.167763157894736,5062.795600204712
1197,144,25.167763157894736,3691.0152399413105
1199,144,25.167763157894736,6630.177942185556
1193,144,25.167763157894736,7613.151911410182
1191,144,25.167763157894736,915.735679397778
1187,144,25.167763157894736,4248.059753781789
1189,144,25.167763157894736,603.5882999555938
1185,144,25.167763157894736,429.6707080120299
1183,144,25.167763157894736,1814.7314114146732
1283,144,25.167763157894736,8414.401632489451
1295,144,25.167763157894736,2498.562381817105
1255,144,25.167763157894736,1140.5468443450018
1251,144,25.167763157894736,396.7399221521626
1253,144,25.167763157894736,828.5535635915624
1179,144,25.167763157894736,1303.826705758132
1181,144,25.167763157894736,1454.2068082892492
1072,124,24.34426229508197,1854.0560476492487
1056,124,24.34426229508197,576.4590751168382
1100,124,24.34426229508197,957.4303848897405
1092,124,24.34426229508197,1881.433860712927
1082,124,24.34426229508197,3036.6598794082106
906,124,24.34426229508197,3047.043966563945
970,124,24.34426229508197,3155.0110489163094
956,124,24.34426229508197,2251.324472670815
1132,124,24.34426229508197,927.4874755157305
1130,124,24.34426229508197,2474.931706772945
1046,124,24.34426229508197,1547.4560076007413
1102,124,24.34426229508197,1715.8751419466175
1004,124,24.34426229508197,2771.3543165894666
886,124,24.34426229508197,1829.3739889493195
1262,124,24.34426229508197,4249.298900338963
1022,124,24.34426229508197,2672.568465102778
1194,124,24.34426229508197,3744.887357240263
1038,124,24.34426229508197,169.51531860920676
1034,124,24.34426229508197,1040.7810621323463
1028,124,24.34426229508197,1950.1867390812479
1266,124,24.34426229508197,3148.0003962515034
1208,124,24.34426229508197,4245.014605347195
1270,124,24.34426229508197,3394.62767545117
1256,124,24.34426229508197,3238.8150555983707
1222,124,24.34426229508197,3975.4151334528487
1128,124,24.34426229508197,1132.3758617429112
1112,124,24.34426229508197,1982.5029540634737
870,124,24.34426229508197,2397.0699636581408
872,124,24.34426229508197,3335.095543118374
1024,124,24.34426229508197,2298.1182451693367
1030,124,24.34426229508197,1481.8820735333697
1202,124,24.34426229508197,2423.9763366771954
1200,124,24.34426229508197,3862.796471467414
1204,124,24.34426229508197,5101.488724724963
1280,124,24.34426229508197,3910.9192882923844
286,190,24.262295081967213,2554.5953657920486
278,190,24.262295081967213,858.4697252095933
264,190,24.262295081967213,1234.3801543233162
266,190,24.262295081967213,956.1645723241254
1020,190,24.262295081967213,2950.8132467928795
1010,190,24.262295081967213,2299.6676934734805
88,190,24.262295081967213,2375.3398669644444
996,190,24.262295081967213,2999.421435661325
20,190,24.262295081967213,369.2527669397033
290,190,24.262295081967213,643.8743832091457
1006,190,24.262295081967213,3348.7609310568314
292,190,24.262295081967213,2023.5799307406555
28,190,24.262295081967213,2215.997624571195
998,190,24.262295081967213,2848.71926939593
26,190,24.262295081967213,2014.2445219363824
1086,190,24.262295081967213,2972.0612182320097
146,190,24.262295081967213,1208.7394897093543
1060,190,24.262295081967213,2478.4561714974134
112,190,24.262295081967213,1980.8087472392824
140,190,24.262295081967213,2511.3250797641076
1104,190,24.262295081967213,2723.7766063529534
1106,190,24.262295081967213,3291.9355157565224
1084,190,24.262295081967213,2566.328256121919
1120,190,24.262295081967213,3016.682466246949
606,190,24.262295081967213,4147.004598490936
302,190,24.262295081967213,1089.4046169172807
562,190,24.262295081967213,4293.183370945466
1108,190,24.262295081967213,2700.2243190012264
1088,190,24.262295081967213,3186.1412880590706
1078,190,24.262295081967213,3537.233285474946
16,190,24.262295081967213,1958.0210491055832
12,190,24.262295081967213,2624.5343877643277
994,190,24.262295081967213,2353.7502358932265
986,190,24.262295081967213,2891.233769367881
992,190,24.262295081967213,2796.5113558295816
990,190,24.262295081967213,1703.1801593187283
160,190,24.262295081967213,1964.450024514022
120,190,24.262295081967213,1689.1918863371993
1070,190,24.262295081967213,3224.094988482519
1008,190,24.262295081967213,3176.185596124551
202,190,24.262295081967213,2139.781685394569
218,190,24.262295081967213,1698.930668702212
204,190,24.262295081967213,1081.0598044311657
104,190,24.262295081967213,1859.4911440380388
174,190,24.262295081967213,1847.751414948938
106,190,24.262295081967213,2808.3449352011767
132,190,24.262295081967213,1909.8056679286183
208,190,24.262295081967213,776.4399227710896
1026,190,24.262295081967213,3181.25017477765
200,190,24.262295081967213,677.1707677222753
176,190,24.262295081967213,606.9297589043368
228,190,24.262295081967213,995.5217435838941
246,190,24.262295081967213,2101.83944617452
226,190,24.262295081967213,2091.1707350605534
244,190,24.262295081967213,1268.7895278587944
1032,190,24.262295081967213,3557.120052602575
262,190,24.262295081967213,1492.4280804494554
66,190,24.262295081967213,1511.4710898996664
644,190,24.262295081967213,3705.886105965274
1000,190,24.262295081967213,2956.3016541720876
161,190,23.94407894736842,1964.450024514022
113,190,23.94407894736842,1980.8087472392824
1061,190,23.94407894736842,2478.4561714974134
1071,190,23.94407894736842,3224.094988482519
121,190,23.94407894736842,1689.1918863371993
1107,190,23.94407894736842,3291.9355157565224
1105,190,23.94407894736842,2723.7766063529534
607,190,23.94407894736842,4147.004598490936
1085,190,23.94407894736842,2566.328256121919
1121,190,23.94407894736842,3016.682466246949
1089,190,23.94407894736842,3186.1412880590706
1087,190,23.94407894736842,2972.0612182320097
1109,190,23.94407894736842,2700.2243190012264
987,190,23.94407894736842,2891.233769367881
991,190,23.94407894736842,1703.1801593187283
993,190,23.94407894736842,2796.5113558295816
13,190,23.94407894736842,2624.5343877643277
133,190,23.94407894736842,1909.8056679286183
147,190,23.94407894736842,1208.7394897093543
141,190,23.94407894736842,2511.3250797641076
107,190,23.94407894736842,2808.3449352011767
175,190,23.94407894736842,1847.751414948938
201,190,23.94407894736842,677.1707677222753
1079,190,23.94407894736842,3537.233285474946
177,190,23.94407894736842,606.9297589043368
1027,190,23.94407894736842,3181.25017477765
1033,190,23.94407894736842,3557.120052602575
105,190,23.94407894736842,1859.4911440380388
1007,190,23.94407894736842,3348.7609310568314
219,190,23.94407894736842,1698.930668702212
227,190,23.94407894736842,2091.1707350605534
229,190,23.94407894736842,995.5217435838941
205,190,23.94407894736842,1081.0598044311657
203,190,23.94407894736842,2139.781685394569
245,190,23.94407894736842,1268.7895278587944
247,190,23.94407894736842,2101.83944617452
209,190,23.94407894736842,776.4399227710896
1009,190,23.94407894736842,3176.185596124551
89,190,23.94407894736842,2375.3398669644444
263,190,23.94407894736842,1492.4280804494554
267,190,23.94407894736842,956.1645723241254
1011,190,23.94407894736842,2299.6676934734805
1021,190,23.94407894736842,2950.8132467928795
67,190,23.94407894736842,1511.4710898996664
291,190,23.94407894736842,643.8743832091457
265,190,23.94407894736842,1234.3801543233162
279,190,23.94407894736842,858.4697252095933
997,190,23.94407894736842,2999.421435661325
995,190,23.94407894736842,2353.7502358932265
293,190,23.94407894736842,2023.5799307406555
27,190,23.94407894736842,2014.2445219363824
999,190,23.94407894736842,2848.71926939593
1001,190,23.94407894736842,2956.3016541720876
29,190,23.94407894736842,2215.997624571195
645,190,23.94407894736842,3705.886105965274
303,190,23.94407894736842,1089.4046169172807
287,190,23.94407894736842,2554.5953657920486
563,190,23.94407894736842,4293.183370945466
17,190,23.94407894736842,1958.0210491055832
21,190,23.94407894736842,369.2527669397033
322,174,23.65573770491803,4334.6218672964005
1662,174,23.65573770491803,1253.1586365543822
1498,174,23.65573770491803,7825.247399038775
1504,174,23.65573770491803,6600.444664525506
1692,174,23.65573770491803,8158.047225718255
1482,174,23.65573770491803,9456.23984080123
1422,174,23.65573770491803,9582.56255656251
530,174,23.65573770491803,4277.069530506123
1490,174,23.65573770491803,9646.179348626802
1634,174,23.65573770491803,6494.111602539548
1640,174,23.65573770491803,6505.286727636738
1694,174,23.65573770491803,3457.3930420632178
330,174,23.65573770491803,5250.550334583219
1654,174,23.65573770491803,745.5148994989886
1650,174,23.65573770491803,3081.4040776944007
1652,174,23.65573770491803,6323.810941313134
1630,174,23.65573770491803,7132.678598556545
1628,174,23.65573770491803,2689.9602080380414
1670,174,23.65573770491803,1278.1959206550605
1672,174,23.65573770491803,1094.8973912374381
352,174,23.65573770491803,3422.2295214266874
1696,174,23.65573770491803,1885.9030753242273
1646,174,23.65573770491803,1043.5392739737244
1638,174,23.65573770491803,3335.252549978534
1648,174,23.65573770491803,7402.782187489521
1674,174,23.65573770491803,1197.697956484841
430,174,23.65573770491803,3306.6134679931033
416,174,23.65573770491803,2183.1279374663354
1608,174,23.65573770491803,2107.707228257431
1604,174,23.65573770491803,7247.250989016722
1600,174,23.65573770491803,6474.379154281775
1602,174,23.65573770491803,7387.401962434851
1698,174,23.65573770491803,3077.855438109151
1678,174,23.65573770491803,2809.5162994572183
284,174,23.65573770491803,1573.9121750938962
288,174,23.65573770491803,1467.8994518034317
364,174,23.65573770491803,3769.9364749613615
362,174,23.65573770491803,4468.48992966165
296,174,23.65573770491803,1390.1051598150532
282,174,23.65573770491803,1489.743139585673
1622,174,23.65573770491803,3893.4772523057413
1620,174,23.65573770491803,1570.7422229285457
252,174,23.65573770491803,1442.2417763358585
366,174,23.65573770491803,5055.748331173991
250,174,23.65573770491803,1523.7072484548225
306,174,23.65573770491803,560.269167491188
1626,174,23.65573770491803,845.186180958701
408,174,23.65573770491803,4209.942471444068
1612,174,23.65573770491803,4269.33028193809
1610,174,23.65573770491803,2138.566117924855
1616,174,23.65573770491803,7296.907075525711
1632,174,23.65573770491803,742.2601155948951
398,174,23.65573770491803,2490.6894110237263
418,174,23.65573770491803,5486.684119979999
1594,174,23.65573770491803,6222.784854923652
452,174,23.65573770491803,4251.8812356286335
1596,174,23.65573770491803,2584.919111517331
1570,174,23.65573770491803,2146.3771991598696
1556,174,23.65573770491803,1282.6056119617608
1558,174,23.65573770491803,1690.9415439560116
1524,174,23.65573770491803,6593.936120555184
1522,174,23.65573770491803,7492.355376331939
1680,174,23.65573770491803,2137.596324992014
1496,174,23.65573770491803,8541.344494207779
1538,174,23.65573770491803,7311.162001326452
1526,174,23.65573770491803,7482.7492195973155
1564,174,23.65573770491803,1682.4811776335664
1568,174,23.65573770491803,1178.6657968557006
1664,174,23.65573770491803,1357.8167094250505
232,174,23.65573770491803,206.30670850783247
172,174,23.65573770491803,1907.5410352649008
180,174,23.65573770491803,1684.060439261373
186,174,23.65573770491803,967.8052143587196
184,174,23.65573770491803,1552.029408431815
188,174,23.65573770491803,509.6084020830923
198,174,23.65573770491803,2398.5660846637643
1642,174,23.65573770491803,5068.872315915063
196,174,23.65573770491803,1029.6704399431399
1666,174,23.65573770491803,1277.8244748500533
1668,174,23.65573770491803,1586.1637593010385
190,174,23.65573770491803,1443.6810037709174
192,174,23.65573770491803,316.41961803560724
194,174,23.65573770491803,642.8695087331653
1430,174,23.65573770491803,7723.06198326595
1560,174,23.65573770491803,1848.9587828049969
438,174,23.65573770491803,5212.663579366535
436,174,23.65573770491803,2319.660009588488
1418,174,23.65573770491803,4653.291114980872
1416,174,23.65573770491803,5319.339273510349
1552,174,23.65573770491803,3086.0249278019874
460,174,23.65573770491803,2614.1414874561187
462,174,23.65573770491803,3870.838836172772
1554,174,23.65573770491803,1851.8340873366462
1428,174,23.65573770491803,8829.700437994185
1424,174,23.65573770491803,9037.289616301232
1518,174,23.65573770491803,3906.2819425849066
1562,174,23.65573770491803,1298.9055571092622
1520,174,23.65573770491803,4440.562492094385
1592,174,23.65573770491803,4619.777511188939
1550,174,23.65573770491803,3527.9402897139566
1426,174,23.65573770491803,8220.523603093023
1682,174,23.65573770491803,897.1770049447819
1588,174,23.65573770491803,2715.571376848797
1590,174,23.65573770491803,3520.6474728840485
504,174,23.65573770491803,2365.9813767672536
492,174,23.65573770491803,4429.472730550462
1584,174,23.65573770491803,1564.7621609336763
1586,174,23.65573770491803,3274.925462655086
1684,174,23.65573770491803,6176.388667794637
450,174,23.65573770491803,4349.90854248934
1686,174,23.65573770491803,2178.350639163115
1688,174,23.65573770491803,1449.8579089960874
480,174,23.65573770491803,3526.871178347242
1574,174,23.65573770491803,5948.468669384075
472,174,23.65573770491803,4102.007736671061
1598,174,23.65573770491803,6540.748943874023
1472,174,23.65573770491803,8787.679231250766
1434,174,23.65573770491803,7615.924841961897
308,174,23.65573770491803,967.701940839701
506,174,23.65573770491803,1701.6087949413838
1436,174,23.65573770491803,6739.79115186223
310,174,23.65573770491803,1717.172140818812
1675,174,23.213815789473685,1197.697956484841
1603,174,23.213815789473685,7387.401962434851
419,174,23.213815789473685,5486.684119979999
399,174,23.213815789473685,2490.6894110237263
1595,174,23.213815789473685,6222.784854923652
1605,174,23.213815789473685,7247.250989016722
283,174,23.213815789473685,1489.743139585673
285,174,23.213815789473685,1573.9121750938962
1699,174,23.213815789473685,3077.855438109151
1697,174,23.213815789473685,1885.9030753242273
367,174,23.213815789473685,5055.748331173991
307,174,23.213815789473685,560.269167491188
409,174,23.213815789473685,4209.942471444068
1611,174,23.213815789473685,2138.566117924855
1617,174,23.213815789473685,7296.907075525711
1631,174,23.213815789473685,7132.678598556545
1613,174,23.213815789473685,4269.33028193809
363,174,23.213815789473685,4468.48992966165
311,174,23.213815789473685,1717.172140818812
1609,174,23.213815789473685,2107.707228257431
365,174,23.213815789473685,3769.9364749613615
439,174,23.213815789473685,5212.663579366535
453,174,23.213815789473685,4251.8812356286335
417,174,23.213815789473685,2183.1279374663354
451,174,23.213815789473685,4349.90854248934
289,174,23.213815789473685,1467.8994518034317
1649,174,23.213815789473685,7402.782187489521
1651,174,23.213815789473685,3081.4040776944007
1655,174,23.213815789473685,745.5148994989886
1653,174,23.213815789473685,6323.810941313134
1671,174,23.213815789473685,1278.1959206550605
297,174,23.213815789473685,1390.1051598150532
1539,174,23.213815789473685,7311.162001326452
1693,174,23.213815789473685,8158.047225718255
1473,174,23.213815789473685,8787.679231250766
323,174,23.213815789473685,4334.6218672964005
331,174,23.213815789473685,5250.550334583219
1483,174,23.213815789473685,9456.23984080123
1499,174,23.213815789473685,7825.247399038775
1505,174,23.213815789473685,6600.444664525506
1419,174,23.213815789473685,4653.291114980872
531,174,23.213815789473685,4277.069530506123
1695,174,23.213815789473685,3457.3930420632178
353,174,23.213815789473685,3422.2295214266874
1647,174,23.213815789473685,1043.5392739737244
1643,174,23.213815789473685,5068.872315915063
1639,174,23.213815789473685,3335.252549978534
1673,174,23.213815789473685,1094.8973912374381
1629,174,23.213815789473685,2689.9602080380414
1627,174,23.213815789473685,845.186180958701
1635,174,23.213815789473685,6494.111602539548
1641,174,23.213815789473685,6505.286727636738
1633,174,23.213815789473685,742.2601155948951
253,174,23.213815789473685,1442.2417763358585
1623,174,23.213815789473685,3893.4772523057413
251,174,23.213815789473685,1523.7072484548225
1621,174,23.213815789473685,1570.7422229285457
1597,174,23.213815789473685,2584.919111517331
1601,174,23.213815789473685,6474.379154281775
1425,174,23.213815789473685,9037.289616301232
1431,174,23.213815789473685,7723.06198326595
1427,174,23.213815789473685,8220.523603093023
1591,174,23.213815789473685,3520.6474728840485
1551,174,23.213815789473685,3527.9402897139566
1519,174,23.213815789473685,3906.2819425849066
1429,174,23.213815789473685,8829.700437994185
461,174,23.213815789473685,2614.1414874561187
1559,174,23.213815789473685,1690.9415439560116
437,174,23.213815789473685,2319.660009588488
1417,174,23.213815789473685,5319.339273510349
481,174,23.213815789473685,3526.871178347242
463,174,23.213815789473685,3870.838836172772
493,174,23.213815789473685,4429.472730550462
1553,174,23.213815789473685,3086.0249278019874
1685,174,23.213815789473685,6176.388667794637
1687,174,23.213815789473685,2178.350639163115
1593,174,23.213815789473685,4619.777511188939
1689,174,23.213815789473685,1449.8579089960874
1571,174,23.213815789473685,2146.3771991598696
1599,174,23.213815789473685,6540.748943874023
431,174,23.213815789473685,3306.6134679931033
1575,174,23.213815789473685,5948.468669384075
1587,174,23.213815789473685,3274.925462655086
1589,174,23.213815789473685,2715.571376848797
1683,174,23.213815789473685,897.1770049447819
1681,174,23.213815789473685,2137.596324992014
505,174,23.213815789473685,2365.9813767672536
1585,174,23.213815789473685,1564.7621609336763
1561,174,23.213815789473685,1848.9587828049969
473,174,23.213815789473685,4102.007736671061
1491,174,23.213815789473685,9646.179348626802
1497,174,23.213815789473685,8541.344494207779
1523,174,23.213815789473685,7492.355376331939
1521,174,23.213815789473685,4440.562492094385
1563,174,23.213815789473685,1298.9055571092622
1565,174,23.213815789473685,1682.4811776335664
1527,174,23.213815789473685,7482.7492195973155
1525,174,23.213815789473685,6593.936120555184
1435,174,23.213815789473685,7615.924841961897
1437,174,23.213815789473685,6739.79115186223
1423,174,23.213815789473685,9582.56255656251
309,174,23.213815789473685,967.701940839701
1555,174,23.213815789473685,1851.8340873366462
1557,174,23.213815789473685,1282.6056119617608
507,174,23.213815789473685,1701.6087949413838
1569,174,23.213815789473685,1178.6657968557006
1665,174,23.213815789473685,1357.8167094250505
1667,174,23.213815789473685,1277.8244748500533
189,174,23.213815789473685,509.6084020830923
1669,174,23.213815789473685,1586.1637593010385
195,174,23.213815789473685,642.8695087331653
233,174,23.213815789473685,206.30670850783247
193,174,23.213815789473685,316.41961803560724
191,174,23.213815789473685,1443.6810037709174
1679,174,23.213815789473685,2809.5162994572183
173,174,23.213815789473685,1907.5410352649008
1663,174,23.213815789473685,1253.1586365543822
181,174,23.213815789473685,1684.060439261373
199,174,23.213815789473685,2398.5660846637643
197,174,23.213815789473685,1029.6704399431399
187,174,23.213815789473685,967.8052143587196
185,174,23.213815789473685,1552.029408431815
1233,221,21.75,884.5980972411166
1241,221,21.75,697.4833005933075
1149,221,21.75,182.45192423494578
1151,221,21.75,395.2657078745649
1265,221,21.75,1525.518273924624
1161,221,21.75,624.5782259393144
1163,221,21.75,935.8568306346601
1275,221,21.75,245.94294271386752
1279,221,21.75,500.48023262289786
1157,221,21.75,905.6401440821313
1159,221,21.75,390.96839322483027
1245,221,21.75,133.89296758302632
1247,221,21.75,1117.5572546818055
1139,221,21.75,690.881706111664
1153,221,21.75,1525.150674949895
1155,221,21.75,729.5320016271505
1154,221,21.475409836065573,729.5320016271505
1156,221,21.475409836065573,905.6401440821313
1152,221,21.475409836065573,1525.150674949895
1150,221,21.475409836065573,395.2657078745649
1148,221,21.475409836065573,182.45192423494578
1138,221,21.475409836065573,690.881706111664
1278,221,21.475409836065573,500.48023262289786
1246,221,21.475409836065573,1117.5572546818055
1244,221,21.475409836065573,133.89296758302632
1264,221,21.475409836065573,1525.518273924624
1162,221,21.475409836065573,935.8568306346601
1158,221,21.475409836065573,390.96839322483027
1160,221,21.475409836065573,624.5782259393144
1240,221,21.475409836065573,697.4833005933075
1232,221,21.475409836065573,884.5980972411166
1274,221,21.475409836065573,245.94294271386752
52,010,19.459016393442624,3003.8724743405296
54,010,19.459016393442624,2926.987988673074
56,010,19.459016393442624,3232.565076523912
36,010,19.459016393442624,3291.0580982263346
1848,010,19.459016393442624,6198.8183614676755
50,010,19.459016393442624,3675.0410779431004
48,010,19.459016393442624,2101.8256064381653
568,010,19.459016393442624,3748.212020765583
570,010,19.459016393442624,3821.755534833646
544,010,19.459016393442624,3762.758751091683
1146,010,19.459016393442624,1659.1627017814217
1770,010,19.459016393442624,6760.712963877361
532,010,19.459016393442624,5792.368136105862
784,010,19.459016393442624,5602.884559823972
1772,010,19.459016393442624,3952.6725311618743
574,010,19.459016393442624,3281.123768640281
572,010,19.459016393442624,4221.9217814005
560,010,19.459016393442624,5255.162552933958
558,010,19.459016393442624,4502.445026174618
556,010,19.459016393442624,4132.547135678027
142,010,19.459016393442624,2662.1412889964104
578,010,19.459016393442624,4979.090935021894
576,010,19.459016393442624,4443.667194664031
168,010,19.459016393442624,2640.038173612651
138,010,19.459016393442624,713.0354545378851
150,010,19.459016393442624,115.78379165255124
148,010,19.459016393442624,1599.2847157462204
144,010,19.459016393442624,2032.636656765646
126,010,19.459016393442624,1837.212409624911
40,010,19.459016393442624,608.9650065175554
38,010,19.459016393442624,2554.827424835835
30,010,19.459016393442624,1949.6247427924218
32,010,19.459016393442624,2466.14556023306
34,010,19.459016393442624,1580.3282971174992
2,010,19.459016393442624,2193.3437715097666
538,010,19.459016393442624,4970.461354613934
42,010,19.459016393442624,2840.445936686975
44,010,19.459016393442624,1079.3359824336535
46,010,19.459016393442624,3048.333069885112
546,010,19.459016393442624,5234.196159674309
548,010,19.459016393442624,4323.294924591316
550,010,19.459016393442624,4187.743026113981
552,010,19.459016393442624,4218.151462026827
524,010,19.459016393442624,4350.497823875639
526,010,19.459016393442624,5456.082997627365
1788,010,19.459016393442624,6427.174225363029
1790,010,19.459016393442624,6474.2998788049745
800,010,19.459016393442624,6049.06129483231
152,010,19.459016393442624,1916.2825558176037
136,010,19.459016393442624,3367.6214939374145
134,010,19.459016393442624,1389.106012935001
488,010,19.459016393442624,5867.909659179711
516,010,19.459016393442624,6075.214955665838
508,010,19.459016393442624,5870.914209975425
536,010,19.459016393442624,4475.321373933541
434,010,19.459016393442624,4553.209459831121
478,010,19.459016393442624,5087.791199610253
1702,010,19.459016393442624,2575.998133655855
1700,010,19.459016393442624,2144.13491168281
466,010,19.459016393442624,5184.66179597869
1780,010,19.459016393442624,5285.982234591399
1778,010,19.459016393442624,5395.735098877802
1776,010,19.459016393442624,3215.640832923123
1774,010,19.459016393442624,3405.6408753277133
396,010,19.459016393442624,4371.781299236259
514,010,19.459016393442624,6222.7348606479045
500,010,19.459016393442624,4853.641022389126
130,010,19.459016393442624,2809.0293698139853
614,010,19.459016393442624,4564.655595182423
464,010,19.459016393442624,5130.501254122812
458,010,19.459016393442624,4206.187031721971
632,010,19.459016393442624,3610.3843376062423
454,010,19.459016393442624,6479.967019443238
456,010,19.459016393442624,5132.258283547577
428,010,19.459016393442624,6347.888979331436
422,010,19.459016393442624,6419.2867252361075
394,010,19.459016393442624,5925.248493128229
80,010,19.459016393442624,432.99057748821923
1706,010,19.459016393442624,6257.801042052422
440,010,19.459016393442624,4551.991086588649
378,010,19.459016393442624,4423.739652818908
78,010,19.459016393442624,2644.3576771012995
400,010,19.459016393442624,5411.944142452946
648,010,19.459016393442624,3727.219253284221
634,010,19.459016393442624,4230.104998540247
84,010,19.459016393442624,3002.0671932028836
82,010,19.459016393442624,3025.608586283152
1758,010,19.459016393442624,3765.9919974438412
1760,010,19.459016393442624,4332.480782318886
406,010,19.459016393442624,5368.1316726596015
768,010,19.459016393442624,9361.794232910246
1816,010,19.459016393442624,5289.16661784527
1812,010,19.459016393442624,4882.494036621681
1804,010,19.459016393442624,5727.466269599731
414,010,19.459016393442624,6081.493536551378
114,010,19.459016393442624,2432.5219553194925
86,010,19.459016393442624,1664.5342942651164
386,010,19.459016393442624,5122.000273169028
390,010,19.459016393442624,5662.8887314342355
824,010,19.459016393442624,5300.6863024070935
94,010,19.459016393442624,897.033488198899
92,010,19.459016393442624,1057.6215878114308
90,010,19.459016393442624,1513.73515984457
1720,010,19.459016393442624,3339.133926931281
354,010,19.459016393442624,5663.82883494822
380,010,19.459016393442624,4996.1148937911075
382,010,19.459016393442624,4962.074761790819
1704,010,19.459016393442624,6267.636138093808
658,010,19.459016393442624,4725.280949132839
1714,010,19.459016393442624,3470.866033176211
1718,010,19.459016393442624,3446.27131441978
60,010,19.459016393442624,1042.969094865283
62,010,19.459016393442624,983.2173154851002
58,010,19.459016393442624,1640.3750376360838
320,010,19.459016393442624,6634.724130043096
656,010,19.459016393442624,3332.306279137793
318,010,19.459016393442624,3957.735345323056
654,010,19.459016393442624,5613.405033983832
1716,010,19.459016393442624,3822.8803792179524
674,010,19.459016393442624,4223.862081080421
672,010,19.459016393442624,4237.075810160851
170,010,19.459016393442624,2088.5159475018654
1762,010,19.459016393442624,6166.784118363542
164,010,19.459016393442624,2141.39719744574
162,010,19.459016393442624,1642.7042926904376
1768,010,19.459016393442624,6754.52066406472
746,010,19.459016393442624,10547.154696067766
1764,010,19.459016393442624,6803.466688162065
690,010,19.459016393442624,3548.7264833137892
684,010,19.459016393442624,4014.0266985235003
1734,010,19.459016393442624,6142.265240505968
1732,010,19.459016393442624,5603.1853956889245
1730,010,19.459016393442624,6762.117292591549
1728,010,19.459016393442624,5841.382792978989
1712,010,19.459016393442624,2711.4536563435317
728,010,19.459016393442624,5187.653781078453
732,010,19.459016393442624,7905.986016103001
1752,010,19.459016393442624,5867.072878839776
1754,010,19.459016393442624,6583.408948352262
356,010,19.459016393442624,4209.313099150154
74,010,19.459016393442624,1673.1519346489115
102,010,19.459016393442624,1888.3856910552863
1738,010,19.459016393442624,9062.510140583543
72,010,19.459016393442624,2484.9803914253903
68,010,19.459016393442624,809.6648554631895
1710,010,19.459016393442624,2207.1564932015726
64,010,19.459016393442624,1919.6498929013696
1708,010,19.459016393442624,5817.210700066365
710,010,19.459016393442624,7215.073037440205
1726,010,19.459016393442624,4878.987893888902
1724,010,19.459016393442624,5051.9370619078245
1722,010,19.459016393442624,5590.179734744162
6,010,19.459016393442624,2637.271115828461
8,010,19.459016393442624,1668.9750592990547
1832,010,19.459016393442624,5982.652049609253
1828,010,19.459016393442624,5828.184652552763
1826,010,19.459016393442624,6793.54414863529
1822,010,19.459016393442624,5492.859785201964
0,010,19.459016393442624,2079.969168177173
4,010,19.459016393442624,2378.0890663847754
1844,010,19.459016393442624,7774.817487096881
1840,010,19.459016393442624,6540.134173340567
1838,010,19.459016393442624,6820.486113454984
1836,010,19.459016393442624,3439.404493446547
1834,010,19.459016393442624,2993.798320708701
24,010,19.459016393442624,1427.0698691623243
324,010,19.459016393442624,5147.5759969144965
3,010,17.19736842105263,2193.3437715097666
5,010,17.19736842105263,2378.0890663847754
7,010,17.19736842105263,2637.271115828461
1833,010,17.19736842105263,5982.652049609253
1829,010,17.19736842105263,5828.184652552763
1827,010,17.19736842105263,6793.54414863529
1823,010,17.19736842105263,5492.859785201964
41,010,17.19736842105263,608.9650065175554
73,010,17.19736842105263,2484.9803914253903
39,010,17.19736842105263,2554.827424835835
37,010,17.19736842105263,3291.0580982263346
35,010,17.19736842105263,1580.3282971174992
33,010,17.19736842105263,2466.14556023306
31,010,17.19736842105263,1949.6247427924218
57,010,17.19736842105263,3232.565076523912
9,010,17.19736842105263,1668.9750592990547
1,010,17.19736842105263,2079.969168177173
733,010,17.19736842105263,7905.986016103001
1739,010,17.19736842105263,9062.510140583543
1735,010,17.19736842105263,6142.265240505968
1733,010,17.19736842105263,5603.1853956889245
1731,010,17.19736842105263,6762.117292591549
1729,010,17.19736842105263,5841.382792978989
1727,010,17.19736842105263,4878.987893888902
729,010,17.19736842105263,5187.653781078453
1709,010,17.19736842105263,5817.210700066365
1707,010,17.19736842105263,6257.801042052422
711,010,17.19736842105263,7215.073037440205
1725,010,17.19736842105263,5051.9370619078245
1723,010,17.19736842105263,5590.179734744162
1753,010,17.19736842105263,5867.072878839776
171,010,17.19736842105263,2088.5159475018654
747,010,17.19736842105263,10547.154696067766
163,010,17.19736842105263,1642.7042926904376
1769,010,17.19736842105263,6754.52066406472
1765,010,17.19736842105263,6803.466688162065
685,010,17.19736842105263,4014.0266985235003
1721,010,17.19736842105263,3339.133926931281
1719,010,17.19736842105263,3446.27131441978
1717,010,17.19736842105263,3822.8803792179524
1715,010,17.19736842105263,3470.866033176211
1713,010,17.19736842105263,2711.4536563435317
1711,010,17.19736842105263,2207.1564932015726
1703,010,17.19736842105263,2575.998133655855
657,010,17.19736842105263,3332.306279137793
655,010,17.19736842105263,5613.405033983832
675,010,17.19736842105263,4223.862081080421
673,010,17.19736842105263,4237.075810160851
691,010,17.19736842105263,3548.7264833137892
1763,010,17.19736842105263,6166.784118363542
1761,010,17.19736842105263,4332.480782318886
1759,010,17.19736842105263,3765.9919974438412
1755,010,17.19736842105263,6583.408948352262
769,010,17.19736842105263,9361.794232910246
659,010,17.19736842105263,4725.280949132839
1705,010,17.19736842105263,6267.636138093808
649,010,17.19736842105263,3727.219253284221
635,010,17.19736842105263,4230.104998540247
1701,010,17.19736842105263,2144.13491168281
325,010,17.19736842105263,5147.5759969144965
633,010,17.19736842105263,3610.3843376062423
615,010,17.19736842105263,4564.655595182423
1147,010,17.19736842105263,1659.1627017814217
149,010,17.19736842105263,1599.2847157462204
145,010,17.19736842105263,2032.636656765646
143,010,17.19736842105263,2662.1412889964104
579,010,17.19736842105263,4979.090935021894
577,010,17.19736842105263,4443.667194664031
575,010,17.19736842105263,3281.123768640281
573,010,17.19736842105263,4221.9217814005
571,010,17.19736842105263,3821.755534833646
539,010,17.19736842105263,4970.461354613934
569,010,17.19736842105263,3748.212020765583
561,010,17.19736842105263,5255.162552933958
559,010,17.19736842105263,4502.445026174618
557,010,17.19736842105263,4132.547135678027
139,010,17.19736842105263,713.0354545378851
169,010,17.19736842105263,2640.038173612651
165,010,17.19736842105263,2141.39719744574
785,010,17.19736842105263,5602.884559823972
801,010,17.19736842105263,6049.06129483231
1771,010,17.19736842105263,6760.712963877361
137,010,17.19736842105263,3367.6214939374145
527,010,17.19736842105263,5456.082997627365
525,010,17.19736842105263,4350.497823875639
553,010,17.19736842105263,4218.151462026827
551,010,17.19736842105263,4187.743026113981
549,010,17.19736842105263,4323.294924591316
547,010,17.19736842105263,5234.196159674309
545,010,17.19736842105263,3762.758751091683
537,010,17.19736842105263,4475.321373933541
533,010,17.19736842105263,5792.368136105862
135,010,17.19736842105263,1389.106012935001
131,010,17.19736842105263,2809.0293698139853
127,010,17.19736842105263,1837.212409624911
153,010,17.19736842105263,1916.2825558176037
151,010,17.19736842105263,115.78379165255124
1791,010,17.19736842105263,6474.2998788049745
1789,010,17.19736842105263,6427.174225363029
1781,010,17.19736842105263,5285.982234591399
517,010,17.19736842105263,6075.214955665838
515,010,17.19736842105263,6222.7348606479045
509,010,17.19736842105263,5870.914209975425
501,010,17.19736842105263,4853.641022389126
459,010,17.19736842105263,4206.187031721971
489,010,17.19736842105263,5867.909659179711
479,010,17.19736842105263,5087.791199610253
467,010,17.19736842105263,5184.66179597869
465,010,17.19736842105263,5130.501254122812
1779,010,17.19736842105263,5395.735098877802
1777,010,17.19736842105263,3215.640832923123
1775,010,17.19736842105263,3405.6408753277133
1773,010,17.19736842105263,3952.6725311618743
825,010,17.19736842105263,5300.6863024070935
93,010,17.19736842105263,1057.6215878114308
91,010,17.19736842105263,1513.73515984457
1817,010,17.19736842105263,5289.16661784527
435,010,17.19736842105263,4553.209459831121
429,010,17.19736842105263,6347.888979331436
457,010,17.19736842105263,5132.258283547577
455,010,17.19736842105263,6479.967019443238
441,010,17.19736842105263,4551.991086588649
397,010,17.19736842105263,4371.781299236259
395,010,17.19736842105263,5925.248493128229
423,010,17.19736842105263,6419.2867252361075
415,010,17.19736842105263,6081.493536551378
1813,010,17.19736842105263,4882.494036621681
1805,010,17.19736842105263,5727.466269599731
115,010,17.19736842105263,2432.5219553194925
85,010,17.19736842105263,3002.0671932028836
83,010,17.19736842105263,3025.608586283152
81,010,17.19736842105263,432.99057748821923
79,010,17.19736842105263,2644.3576771012995
407,010,17.19736842105263,5368.1316726596015
401,010,17.19736842105263,5411.944142452946
391,010,17.19736842105263,5662.8887314342355
387,010,17.19736842105263,5122.000273169028
383,010,17.19736842105263,4962.074761790819
381,010,17.19736842105263,4996.1148937911075
379,010,17.19736842105263,4423.739652818908
357,010,17.19736842105263,4209.313099150154
355,010,17.19736842105263,5663.82883494822
75,010,17.19736842105263,1673.1519346489115
103,010,17.19736842105263,1888.3856910552863
95,010,17.19736842105263,897.033488198899
69,010,17.19736842105263,809.6648554631895
65,010,17.19736842105263,1919.6498929013696
63,010,17.19736842105263,983.2173154851002
61,010,17.19736842105263,1042.969094865283
59,010,17.19736842105263,1640.3750376360838
319,010,17.19736842105263,3957.735345323056
1845,010,17.19736842105263,7774.817487096881
1841,010,17.19736842105263,6540.134173340567
1839,010,17.19736842105263,6820.486113454984
1837,010,17.19736842105263,3439.404493446547
1835,010,17.19736842105263,2993.798320708701
25,010,17.19736842105263,1427.0698691623243
321,010,17.19736842105263,6634.724130043096
87,010,17.19736842105263,1664.5342942651164
55,010,17.19736842105263,2926.987988673074
53,010,17.19736842105263,3003.8724743405296
51,010,17.19736842105263,3675.0410779431004
49,010,17.19736842105263,2101.8256064381653
47,010,17.19736842105263,3048.333069885112
45,010,17.19736842105263,1079.3359824336535
43,010,17.19736842105263,2840.445936686975
1849,010,17.19736842105263,6198.8183614676755
934,117,16.852459016393443,926.8375989877028
932,117,16.852459016393443,586.8968668725365
936,117,16.852459016393443,1706.4310652702402
604,117,16.852459016393443,2199.638025243712
602,117,16.852459016393443,1894.21588532483
912,117,16.852459016393443,1700.2542871337112
942,117,16.852459016393443,5336.182445091825
940,117,16.852459016393443,3006.2034510874205
938,117,16.852459016393443,2807.580765422776
618,117,16.852459016393443,5000.028282609795
620,117,16.852459016393443,3322.5627597345047
592,117,16.852459016393443,4335.9295172628545
590,117,16.852459016393443,3466.948151214935
646,117,16.852459016393443,3455.033936211956
640,117,16.852459016393443,3003.355916977571
608,117,16.852459016393443,3391.240555209513
610,117,16.852459016393443,3044.93955625485
612,117,16.852459016393443,4419.876843368401
616,117,16.852459016393443,2711.0363594945266
586,117,16.852459016393443,2393.822976726273
588,117,16.852459016393443,905.3127379498566
954,117,16.852459016393443,3470.405124020561
958,117,16.852459016393443,898.9373489981432
594,117,16.852459016393443,3431.9634160878513
596,117,16.852459016393443,2241.430227176521
622,117,16.852459016393443,2376.235628597474
598,117,16.852459016393443,2686.2250262740645
600,117,16.852459016393443,3357.767749203411
896,117,16.852459016393443,3538.6967341528016
894,117,16.852459016393443,2309.7469241300732
638,117,16.852459016393443,2963.4673090686965
636,117,16.852459016393443,3599.380757779565
664,117,16.852459016393443,2942.0467364559927
650,117,16.852459016393443,3340.85785991714
680,117,16.852459016393443,2316.851930032118
950,117,16.852459016393443,1441.5205252640797
978,117,16.852459016393443,3124.3398313470375
976,117,16.852459016393443,1130.034716810905
974,117,16.852459016393443,1582.46469008566
972,117,16.852459016393443,355.73818554765114
964,117,16.852459016393443,2634.609046967878
828,117,16.852459016393443,3822.931434787905
1080,117,16.852459016393443,1876.0320182133048
1076,117,16.852459016393443,1726.0410272077456
836,117,16.852459016393443,2267.108836717055
922,117,16.852459016393443,6506.761704395377
920,117,16.852459016393443,3057.7194256689204
914,117,16.852459016393443,2821.562439783753
1074,117,16.852459016393443,3312.4555375667837
1014,117,16.852459016393443,1115.8387832491326
882,117,16.852459016393443,2889.0729959442197
1002,117,16.852459016393443,2244.748459743659
1016,117,16.852459016393443,1305.1075889639883
924,117,16.852459016393443,1155.1890585322383
898,117,16.852459016393443,1233.186072358034
584,117,16.852459016393443,3511.345648540508
696,117,16.852459016393443,2288.6767598366
702,117,16.852459016393443,1916.1606242977512
666,117,16.852459016393443,1885.4180553081926
668,117,16.852459016393443,4262.93676278879
670,117,16.852459016393443,3980.732718767304
554,117,16.852459016393443,2438.158819415283
682,117,16.852459016393443,2775.203250880766
688,117,16.852459016393443,4309.170469730008
540,117,16.852459016393443,2298.6600369288217
874,117,16.852459016393443,4632.567666535225
700,117,16.852459016393443,3988.855297991616
988,117,16.852459016393443,3120.007818470456
704,117,16.852459016393443,2641.7773358766813
876,117,16.852459016393443,2463.0600163593876
982,117,16.852459016393443,3221.0956095260153
980,117,16.852459016393443,3347.3232298477055
880,117,16.852459016393443,3751.5442407723513
904,117,16.852459016393443,123.75587810355351
900,117,16.852459016393443,5696.8536383409255
858,117,16.852459016393443,3467.65343989169
984,117,16.852459016393443,935.7057739484047
892,117,16.852459016393443,1742.4728175284276
1012,117,16.852459016393443,3356.45488126146
862,117,16.852459016393443,177.94597162907127
860,117,16.852459016393443,1232.0041795663315
1122,117,16.852459016393443,2236.87259207285
852,117,16.852459016393443,5859.991561946426
1124,117,16.852459016393443,789.1787087809761
848,117,16.852459016393443,3671.069689834836
1018,117,16.852459016393443,713.496022217914
916,117,16.852459016393443,4869.416827954797
910,117,16.852459016393443,2346.827728118368
908,117,16.852459016393443,3060.136926450168
1058,117,16.852459016393443,3114.9629424618433
844,117,16.852459016393443,2454.57801164692
834,117,16.852459016393443,3708.0516050264932
1096,117,16.852459016393443,3357.10792885321
1110,117,16.852459016393443,1650.4497146220363
1114,117,16.852459016393443,1916.8142186569032
1098,117,16.852459016393443,2907.156028545984
1126,117,16.852459016393443,750.2558772248301
866,117,16.852459016393443,2506.3996723166847
868,117,16.852459016393443,3186.0494254115292
864,117,16.852459016393443,1053.7251493431181
70,171,16.360655737704917,2141.9943412927437
118,171,16.360655737704917,580.910978705666
77,171,16.360655737704917,727.1982171999297
10,171,16.360655737704917,2913.88301059206
14,171,16.360655737704917,1855.6245063060808
183,171,16.360655737704917,1422.562928118162
122,171,16.360655737704917,1105.659346433943
167,171,16.360655737704917,442.9289132116247
158,171,16.360655737704917,3010.4272323591854
124,171,16.360655737704917,1216.807637378311
156,171,16.360655737704917,2151.8629066941453
155,171,16.360655737704917,1026.704814340609
128,171,16.360655737704917,1214.9977384394126
433,171,16.360655737704917,4460.296765558687
411,171,16.360655737704917,2894.2809215151306
449,171,16.360655737704917,1986.221333915945
427,171,16.360655737704917,4918.554479155478
475,171,16.360655737704917,2376.330455225995
477,171,16.360655737704917,4703.658156398133
486,171,16.360655737704917,2131.4498506310656
469,171,16.360655737704917,5302.933664177856
511,171,16.360655737704917,1478.6257292717323
207,171,16.360655737704917,1098.5959327003868
523,171,16.360655737704917,3660.102950610897
529,171,16.360655737704917,2459.372337190467
447,171,16.360655737704917,2488.219306919353
445,171,16.360655737704917,3940.453942539352
521,171,16.360655737704917,3572.906892678446
491,171,16.360655737704917,2095.1516891227084
495,171,16.360655737704917,5266.012043454835
497,171,16.360655737704917,2884.2933671628048
498,171,16.360655737704917,2121.756498973933
503,171,16.360655737704917,3550.722468037006
371,171,16.360655737704917,5888.8749314716615
413,171,16.360655737704917,3034.9641473904912
405,171,16.360655737704917,4724.69057914937
425,171,16.360655737704917,2100.0446369486003
345,171,16.360655737704917,3196.0157456227425
360,171,16.360655737704917,2317.287763958781
333,171,16.360655737704917,4645.019237027437
335,171,16.360655737704917,1916.7436685178711
336,171,16.360655737704917,2701.043371791595
339,171,16.360655737704917,2540.851014416295
341,171,16.360655737704917,2431.3659891192106
343,171,16.360655737704917,2756.1760191977883
358,171,16.360655737704917,2423.6416058083337
377,171,16.360655737704917,4142.3902595335785
346,171,16.360655737704917,3692.7883284972672
350,171,16.360655737704917,3833.3265920911276
237,171,16.360655737704917,907.6187927914917
239,171,16.360655737704917,1625.6017439107668
241,171,16.360655737704917,1350.7394812335658
249,171,16.360655737704917,1437.558758407058
305,171,16.360655737704917,1079.1188615012709
269,171,16.360655737704917,1273.852942350718
271,171,16.360655737704917,1368.5323222381705
273,171,16.360655737704917,1219.4264592297088
329,171,16.360655737704917,3778.3430510111693
327,171,16.360655737704917,3884.4454180938274
301,171,16.360655737704917,1280.1605074625304
19,171,16.360655737704917,473.5129181424594
100,171,16.360655737704917,1690.078388044387
98,171,16.360655737704917,1829.0634994808597
96,171,16.360655737704917,1336.1049761457077
22,171,16.360655737704917,973.1213099626656
275,171,16.360655737704917,1687.6203205011855
108,171,16.360655737704917,3237.2744132961734
110,171,16.360655737704917,338.31827415095455
116,171,16.360655737704917,1775.2583221167474
294,042,15.852459016393444,1090.081998028397
312,042,15.852459016393444,2265.9317698841764
1342,042,15.852459016393444,1746.264012985078
220,042,15.852459016393444,1111.606664669358
254,042,15.852459016393444,1181.6844482496333
256,042,15.852459016393444,969.1991482556504
258,042,15.852459016393444,1997.7387328241457
260,042,15.852459016393444,662.1827086415833
314,042,15.852459016393444,1100.278769267965
316,042,15.852459016393444,906.9609593063154
298,042,15.852459016393444,1281.7340827370174
234,042,15.852459016393444,586.3606076352064
222,042,15.852459016393444,978.6260278080243
242,042,15.852459016393444,1699.002923815626
1228,042,15.852459016393444,312.84853192235926
1230,042,15.852459016393444,1286.526041622442
216,042,15.852459016393444,1187.8435456728378
214,042,15.852459016393444,1318.722324712042
280,042,15.852459016393444,1260.4742215355575
276,042,15.852459016393444,1166.0223319280035
1368,042,15.852459016393444,1839.1355729630282
1392,042,15.852459016393444,1150.8606399131536
212,042,15.852459016393444,2124.4172151204866
210,042,15.852459016393444,1847.3138001972413
178,042,15.852459016393444,1338.708901614296
1292,042,15.852459016393444,1548.5163757133416
230,042,15.852459016393444,1755.4860117457338
224,042,15.852459016393444,1262.8142951041486
849,117,15.411184210526317,3671.069689834836
601,117,15.411184210526317,3357.767749203411
599,117,15.411184210526317,2686.2250262740645
869,117,15.411184210526317,3186.0494254115292
865,117,15.411184210526317,1053.7251493431181
597,117,15.411184210526317,2241.430227176521
845,117,15.411184210526317,2454.57801164692
595,117,15.411184210526317,3431.9634160878513
591,117,15.411184210526317,3466.948151214935
593,117,15.411184210526317,4335.9295172628545
611,117,15.411184210526317,3044.93955625485
1115,117,15.411184210526317,1916.8142186569032
1059,117,15.411184210526317,3114.9629424618433
1111,117,15.411184210526317,1650.4497146220363
1127,117,15.411184210526317,750.2558772248301
1099,117,15.411184210526317,2907.156028545984
1125,117,15.411184210526317,789.1787087809761
617,117,15.411184210526317,2711.0363594945266
589,117,15.411184210526317,905.3127379498566
1123,117,15.411184210526317,2236.87259207285
587,117,15.411184210526317,2393.822976726273
867,117,15.411184210526317,2506.3996723166847
1077,117,15.411184210526317,1726.0410272077456
853,117,15.411184210526317,5859.991561946426
951,117,15.411184210526317,1441.5205252640797
1075,117,15.411184210526317,3312.4555375667837
955,117,15.411184210526317,3470.405124020561
959,117,15.411184210526317,898.9373489981432
981,117,15.411184210526317,3347.3232298477055
671,117,15.411184210526317,3980.732718767304
877,117,15.411184210526317,2463.0600163593876
881,117,15.411184210526317,3751.5442407723513
983,117,15.411184210526317,3221.0956095260153
883,117,15.411184210526317,2889.0729959442197
641,117,15.411184210526317,3003.355916977571
859,117,15.411184210526317,3467.65343989169
1017,117,15.411184210526317,1305.1075889639883
1015,117,15.411184210526317,1115.8387832491326
1013,117,15.411184210526317,3356.45488126146
1003,117,15.411184210526317,2244.748459743659
861,117,15.411184210526317,1232.0041795663315
901,117,15.411184210526317,5696.8536383409255
701,117,15.411184210526317,3988.855297991616
977,117,15.411184210526317,1130.034716810905
975,117,15.411184210526317,1582.46469008566
905,117,15.411184210526317,123.75587810355351
965,117,15.411184210526317,2634.609046967878
647,117,15.411184210526317,3455.033936211956
1019,117,15.411184210526317,713.496022217914
863,117,15.411184210526317,177.94597162907127
835,117,15.411184210526317,3708.0516050264932
609,117,15.411184210526317,3391.240555209513
605,117,15.411184210526317,2199.638025243712
1097,117,15.411184210526317,3357.10792885321
837,117,15.411184210526317,2267.108836717055
925,117,15.411184210526317,1155.1890585322383
941,117,15.411184210526317,3006.2034510874205
943,117,15.411184210526317,5336.182445091825
939,117,15.411184210526317,2807.580765422776
613,117,15.411184210526317,4419.876843368401
603,117,15.411184210526317,1894.21588532483
917,117,15.411184210526317,4869.416827954797
921,117,15.411184210526317,3057.7194256689204
923,117,15.411184210526317,6506.761704395377
639,117,15.411184210526317,2963.4673090686965
897,117,15.411184210526317,3538.6967341528016
937,117,15.411184210526317,1706.4310652702402
913,117,15.411184210526317,1700.2542871337112
933,117,15.411184210526317,586.8968668725365
935,117,15.411184210526317,926.8375989877028
895,117,15.411184210526317,2309.7469241300732
893,117,15.411184210526317,1742.4728175284276
915,117,15.411184210526317,2821.562439783753
899,117,15.411184210526317,1233.186072358034
1081,117,15.411184210526317,1876.0320182133048
585,117,15.411184210526317,3511.345648540508
667,117,15.411184210526317,1885.4180553081926
697,117,15.411184210526317,2288.6767598366
669,117,15.411184210526317,4262.93676278879
979,117,15.411184210526317,3124.3398313470375
875,117,15.411184210526317,4632.567666535225
989,117,15.411184210526317,3120.007818470456
555,117,15.411184210526317,2438.158819415283
689,117,15.411184210526317,4309.170469730008
541,117,15.411184210526317,2298.6600369288217
683,117,15.411184210526317,2775.203250880766
705,117,15.411184210526317,2641.7773358766813
703,117,15.411184210526317,1916.1606242977512
621,117,15.411184210526317,3322.5627597345047
619,117,15.411184210526317,5000.028282609795
973,117,15.411184210526317,355.73818554765114
623,117,15.411184210526317,2376.235628597474
985,117,15.411184210526317,935.7057739484047
911,117,15.411184210526317,2346.827728118368
909,117,15.411184210526317,3060.136926450168
829,117,15.411184210526317,3822.931434787905
681,117,15.411184210526317,2316.851930032118
637,117,15.411184210526317,3599.380757779565
665,117,15.411184210526317,2942.0467364559927
651,117,15.411184210526317,3340.85785991714
1396,282,14.508196721311476,1806.994062773945
1394,282,14.508196721311476,4904.149686483006
1374,282,14.508196721311476,4709.828996595596
1378,282,14.508196721311476,6525.709771226601
1306,282,14.508196721311476,7429.62696115399
1644,282,14.508196721311476,1700.480571733116
1656,282,14.508196721311476,706.9242022004215
1304,282,14.508196721311476,5303.757262365354
1314,282,14.508196721311476,8708.791097528536
1308,282,14.508196721311476,8772.113502251694
1318,282,14.508196721311476,3940.527785289144
1420,282,14.508196721311476,7965.634872337168
1406,282,14.508196721311476,5143.837558587792
1402,282,14.508196721311476,3801.2146378947787
1320,282,14.508196721311476,5661.815649562251
1326,282,14.508196721311476,2538.8625680582586
1410,282,14.508196721311476,4474.916387846324
1676,282,14.508196721311476,1691.280409802842
1658,282,14.508196721311476,2444.339463358481
1660,282,14.508196721311476,1066.8216190539822
1432,282,14.508196721311476,8310.71888323318
1328,282,14.508196721311476,2544.5612560533136
1376,282,14.508196721311476,4359.843207444029
1344,282,14.508196721311476,2864.896296798118
1348,282,14.508196721311476,3976.557540650907
1350,282,14.508196721311476,5725.58081721676
1400,282,14.508196721311476,3158.4668476581082
1690,282,14.508196721311476,846.7415218192559
1606,282,14.508196721311476,1879.4506446619137
1582,282,14.508196721311476,756.8033615507405
1624,282,14.508196721311476,2688.1124817260707
1636,282,14.508196721311476,1603.2099905067585
1618,282,14.508196721311476,1294.7487692271065
1614,282,14.508196721311476,2417.7801826144296
1438,282,14.508196721311476,6534.681790540623
1440,282,14.508196721311476,6038.494559385092
1534,282,14.508196721311476,6995.1622761253275
1532,282,14.508196721311476,5349.790895187354
1530,282,14.508196721311476,7888.657957439574
1544,282,14.508196721311476,7603.241805445352
1286,282,14.508196721311476,2296.062117501958
1462,282,14.508196721311476,5297.6635295863425
1464,282,14.508196721311476,7903.0782071859285
1466,282,14.508196721311476,4540.01933812102
1536,282,14.508196721311476,9092.692349597588
1540,282,14.508196721311476,3253.2811557344558
1458,282,14.508196721311476,6496.116575003644
1456,282,14.508196721311476,7241.885606643522
1452,282,14.508196721311476,9146.585084393259
1454,282,14.508196721311476,8039.898281162035
1450,282,14.508196721311476,8007.939998759312
1448,282,14.508196721311476,7980.578215019081
1444,282,14.508196721311476,5017.9585352568465
1446,282,14.508196721311476,2880.107526209574
1576,282,14.508196721311476,1653.8425531875846
1572,282,14.508196721311476,2689.005355412869
1300,282,14.508196721311476,4451.826796786495
1578,282,14.508196721311476,880.2273010168053
1302,282,14.508196721311476,3530.708947072307
1580,282,14.508196721311476,775.0190059562154
1442,282,14.508196721311476,5322.553905589267
1290,282,14.508196721311476,2607.9593241769394
1460,282,14.508196721311476,6338.821845875799
1528,282,14.508196721311476,7897.992347407715
1516,282,14.508196721311476,6128.960345634622
1224,282,14.508196721311476,7110.716803782403
1514,282,14.508196721311476,6136.942183513458
1542,282,14.508196721311476,5530.185930631492
1566,282,14.508196721311476,2914.4317477392174
1548,282,14.508196721311476,6284.28936594916
1546,282,14.508196721311476,8149.02914124896
1494,282,14.508196721311476,7316.526297544489
1500,282,14.508196721311476,6357.489520109537
1508,282,14.508196721311476,7887.635723268531
1510,282,14.508196721311476,4157.031760967246
1512,282,14.508196721311476,5653.149040341211
1470,282,14.508196721311476,3453.9453581156813
1468,282,14.508196721311476,5501.113186183178
1492,282,14.508196721311476,7887.70350409007
1488,282,14.508196721311476,6818.249522686992
1484,282,14.508196721311476,8085.746639469679
1486,282,14.508196721311476,2020.586777254318
1474,282,14.508196721311476,8381.200081410914
1478,282,14.508196721311476,8454.68299273408
1386,282,14.508196721311476,4137.799077330046
1380,282,14.508196721311476,4514.115953901713
1480,282,14.508196721311476,7493.8994207024225
1476,282,14.508196721311476,5787.843031254387
1390,282,14.508196721311476,2788.406418195845
1354,282,14.508196721311476,2301.447568626785
1366,282,14.508196721311476,3663.884691914109
1388,282,14.508196721311476,3180.3558396106982
277,042,14.273026315789474,1166.0223319280035
179,042,14.273026315789474,1338.708901614296
213,042,14.273026315789474,2124.4172151204866
1393,042,14.273026315789474,1150.8606399131536
211,042,14.273026315789474,1847.3138001972413
215,042,14.273026315789474,1318.722324712042
1369,042,14.273026315789474,1839.1355729630282
1231,042,14.273026315789474,1286.526041622442
1229,042,14.273026315789474,312.84853192235926
217,042,14.273026315789474,1187.8435456728378
313,042,14.273026315789474,2265.9317698841764
295,042,14.273026315789474,1090.081998028397
221,042,14.273026315789474,1111.606664669358
225,042,14.273026315789474,1262.8142951041486
223,042,14.273026315789474,978.6260278080243
261,042,14.273026315789474,662.1827086415833
1343,042,14.273026315789474,1746.264012985078
243,042,14.273026315789474,1699.002923815626
255,042,14.273026315789474,1181.6844482496333
257,042,14.273026315789474,969.1991482556504
259,042,14.273026315789474,1997.7387328241457
281,042,14.273026315789474,1260.4742215355575
317,042,14.273026315789474,906.9609593063154
235,042,14.273026315789474,586.3606076352064
315,042,14.273026315789474,1100.278769267965
299,042,14.273026315789474,1281.7340827370174
231,042,14.273026315789474,1755.4860117457338
1293,042,14.273026315789474,1548.5163757133416
76,171,14.213815789473683,727.1982171999297
274,171,14.213815789473683,1687.6203205011855
15,171,14.213815789473683,1855.6245063060808
18,171,14.213815789473683,473.5129181424594
23,171,14.213815789473683,973.1213099626656
487,171,14.213815789473683,2131.4498506310656
468,171,14.213815789473683,5302.933664177856
510,171,14.213815789473683,1478.6257292717323
520,171,14.213815789473683,3572.906892678446
490,171,14.213815789473683,2095.1516891227084
494,171,14.213815789473683,5266.012043454835
496,171,14.213815789473683,2884.2933671628048
499,171,14.213815789473683,2121.756498973933
502,171,14.213815789473683,3550.722468037006
182,171,14.213815789473683,1422.562928118162
522,171,14.213815789473683,3660.102950610897
528,171,14.213815789473683,2459.372337190467
99,171,14.213815789473683,1829.0634994808597
125,171,14.213815789473683,1216.807637378311
129,171,14.213815789473683,1214.9977384394126
206,171,14.213815789473683,1098.5959327003868
101,171,14.213815789473683,1690.078388044387
97,171,14.213815789473683,1336.1049761457077
404,171,14.213815789473683,4724.69057914937
376,171,14.213815789473683,4142.3902595335785
347,171,14.213815789473683,3692.7883284972672
476,171,14.213815789473683,4703.658156398133
412,171,14.213815789473683,3034.9641473904912
474,171,14.213815789473683,2376.330455225995
432,171,14.213815789473683,4460.296765558687
426,171,14.213815789473683,4918.554479155478
448,171,14.213815789473683,1986.221333915945
446,171,14.213815789473683,2488.219306919353
444,171,14.213815789473683,3940.453942539352
238,171,14.213815789473683,1625.6017439107668
236,171,14.213815789473683,907.6187927914917
410,171,14.213815789473683,2894.2809215151306
248,171,14.213815789473683,1437.558758407058
351,171,14.213815789473683,3833.3265920911276
359,171,14.213815789473683,2423.6416058083337
361,171,14.213815789473683,2317.287763958781
334,171,14.213815789473683,1916.7436685178711
332,171,14.213815789473683,4645.019237027437
337,171,14.213815789473683,2701.043371791595
338,171,14.213815789473683,2540.851014416295
424,171,14.213815789473683,2100.0446369486003
159,171,14.213815789473683,3010.4272323591854
166,171,14.213815789473683,442.9289132116247
123,171,14.213815789473683,1105.659346433943
370,171,14.213815789473683,5888.8749314716615
157,171,14.213815789473683,2151.8629066941453
154,171,14.213815789473683,1026.704814340609
240,171,14.213815789473683,1350.7394812335658
326,171,14.213815789473683,3884.4454180938274
342,171,14.213815789473683,2756.1760191977883
340,171,14.213815789473683,2431.3659891192106
328,171,14.213815789473683,3778.3430510111693
344,171,14.213815789473683,3196.0157456227425
270,171,14.213815789473683,1368.5323222381705
268,171,14.213815789473683,1273.852942350718
272,171,14.213815789473683,1219.4264592297088
300,171,14.213815789473683,1280.1605074625304
304,171,14.213815789473683,1079.1188615012709
109,171,14.213815789473683,3237.2744132961734
111,171,14.213815789473683,338.31827415095455
71,171,14.213815789473683,2141.9943412927437
117,171,14.213815789473683,1775.2583221167474
11,171,14.213815789473683,2913.88301059206
119,171,14.213815789473683,580.910978705666
1367,282,11.980263157894736,3663.884691914109
1395,282,11.980263157894736,4904.149686483006
1391,282,11.980263157894736,2788.406418195845
1397,282,11.980263157894736,1806.994062773945
1389,282,11.980263157894736,3180.3558396106982
1351,282,11.980263157894736,5725.58081721676
1407,282,11.980263157894736,5143.837558587792
1355,282,11.980263157894736,2301.447568626785
1411,282,11.980263157894736,4474.916387846324
1401,282,11.980263157894736,3158.4668476581082
1345,282,11.980263157894736,2864.896296798118
1349,282,11.980263157894736,3976.557540650907
1403,282,11.980263157894736,3801.2146378947787
1321,282,11.980263157894736,5661.815649562251
1327,282,11.980263157894736,2538.8625680582586
1329,282,11.980263157894736,2544.5612560533136
1691,282,11.980263157894736,846.7415218192559
1493,282,11.980263157894736,7887.70350409007
1481,282,11.980263157894736,7493.8994207024225
1677,282,11.980263157894736,1691.280409802842
1479,282,11.980263157894736,8454.68299273408
1659,282,11.980263157894736,2444.339463358481
1661,282,11.980263157894736,1066.8216190539822
1657,282,11.980263157894736,706.9242022004215
1477,282,11.980263157894736,5787.843031254387
1475,282,11.980263157894736,8381.200081410914
1471,282,11.980263157894736,3453.9453581156813
1469,282,11.980263157894736,5501.113186183178
1465,282,11.980263157894736,7903.0782071859285
1467,282,11.980263157894736,4540.01933812102
1463,282,11.980263157894736,5297.6635295863425
1287,282,11.980263157894736,2296.062117501958
1301,282,11.980263157894736,4451.826796786495
1303,282,11.980263157894736,3530.708947072307
1291,282,11.980263157894736,2607.9593241769394
1485,282,11.980263157894736,8085.746639469679
1489,282,11.980263157894736,6818.249522686992
1445,282,11.980263157894736,5017.9585352568465
1447,282,11.980263157894736,2880.107526209574
1449,282,11.980263157894736,7980.578215019081
1433,282,11.980263157894736,8310.71888323318
1421,282,11.980263157894736,7965.634872337168
1461,282,11.980263157894736,6338.821845875799
1459,282,11.980263157894736,6496.116575003644
1457,282,11.980263157894736,7241.885606643522
1455,282,11.980263157894736,8039.898281162035
1453,282,11.980263157894736,9146.585084393259
1451,282,11.980263157894736,8007.939998759312
1319,282,11.980263157894736,3940.527785289144
1315,282,11.980263157894736,8708.791097528536
1307,282,11.980263157894736,7429.62696115399
1309,282,11.980263157894736,8772.113502251694
1305,282,11.980263157894736,5303.757262365354
1443,282,11.980263157894736,5322.553905589267
1439,282,11.980263157894736,6534.681790540623
1441,282,11.980263157894736,6038.494559385092
1381,282,11.980263157894736,4514.115953901713
1379,282,11.980263157894736,6525.709771226601
1387,282,11.980263157894736,4137.799077330046
1533,282,11.980263157894736,5349.790895187354
1535,282,11.980263157894736,6995.1622761253275
1567,282,11.980263157894736,2914.4317477392174
1573,282,11.980263157894736,2689.005355412869
1225,282,11.980263157894736,7110.716803782403
1517,282,11.980263157894736,6128.960345634622
1529,282,11.980263157894736,7897.992347407715
1531,282,11.980263157894736,7888.657957439574
1577,282,11.980263157894736,1653.8425531875846
1543,282,11.980263157894736,5530.185930631492
1545,282,11.980263157894736,7603.241805445352
1537,282,11.980263157894736,9092.692349597588
1541,282,11.980263157894736,3253.2811557344558
1377,282,11.980263157894736,4359.843207444029
1375,282,11.980263157894736,4709.828996595596
1511,282,11.980263157894736,4157.031760967246
1513,282,11.980263157894736,5653.149040341211
1579,282,11.980263157894736,880.2273010168053
1581,282,11.980263157894736,775.0190059562154
1583,282,11.980263157894736,756.8033615507405
1607,282,11.980263157894736,1879.4506446619137
1615,282,11.980263157894736,2417.7801826144296
1509,282,11.980263157894736,7887.635723268531
1625,282,11.980263157894736,2688.1124817260707
1619,282,11.980263157894736,1294.7487692271065
1645,282,11.980263157894736,1700.480571733116
1637,282,11.980263157894736,1603.2099905067585
1495,282,11.980263157894736,7316.526297544489
1501,282,11.980263157894736,6357.489520109537
1487,282,11.980263157894736,2020.586777254318
1515,282,11.980263157894736,6136.942183513458
1549,282,11.980263157894736,6284.28936594916
1547,282,11.980263157894736,8149.02914124896
388,077,11.59016393442623,5555.062770748329
420,077,11.59016393442623,2222.936244479359
402,077,11.59016393442623,5656.204856825462
484,077,11.59016393442623,785.8517359596127
534,077,11.59016393442623,3178.7751565872786
512,077,11.59016393442623,5663.1240256295905
518,077,11.59016393442623,1738.8520184242434
372,077,11.59016393442623,3847.152254223229
374,077,11.59016393442623,2596.378004338045
482,077,11.59016393442623,456.46585795183495
470,077,11.59016393442623,6808.246677197139
348,077,11.59016393442623,3360.1199894328674
392,077,11.59016393442623,6972.592821984718
368,077,11.59016393442623,6101.453342864297
384,077,11.59016393442623,937.0896102141058
442,077,11.59016393442623,1405.8110850384444
1346,085,9.36065573770492,3016.664789963179
1408,085,9.36065573770492,1098.5747304686913
1338,085,9.36065573770492,1903.049712863939
1362,085,9.36065573770492,5487.856491129633
1370,085,9.36065573770492,4171.598520364061
1398,085,9.36065573770492,1855.5818819085832
1364,085,9.36065573770492,5768.741431766223
1340,085,9.36065573770492,7957.992986541078
1336,085,9.36065573770492,4113.123637466222
1412,085,9.36065573770492,3998.308798216561
1322,085,9.36065573770492,3987.1045675567007
1324,085,9.36065573770492,3933.171557167039
1372,085,9.36065573770492,4600.265999139916
1382,085,9.36065573770492,1881.0002758409978
1506,085,9.36065573770492,4784.425652659692
1502,085,9.36065573770492,7863.854330193606
1384,085,9.36065573770492,4006.634722575092
1352,085,9.36065573770492,7631.246697604227
1312,085,9.36065573770492,6789.8622364629555
1288,085,9.36065573770492,3041.3326338950587
1356,085,9.36065573770492,1924.3025908599443
1334,085,9.36065573770492,2946.235594206223
1332,085,9.36065573770492,1377.6589115465858
1330,085,9.36065573770492,4601.137868749232
1316,085,9.36065573770492,4119.039981372832
1310,085,9.36065573770492,7535.99018990685
1748,145,9.327868852459016,1779.1114010662213
1750,145,9.327868852459016,2429.983782097534
1798,145,9.327868852459016,5981.362778176443
1808,145,9.327868852459016,5719.548239148543
1814,145,9.327868852459016,5485.602572307124
1810,145,9.327868852459016,5501.835863349025
1846,145,9.327868852459016,6155.971067415745
1824,145,9.327868852459016,3384.231502119184
1842,145,9.327868852459016,4081.5344638895062
1830,145,9.327868852459016,3754.031116220556
1756,145,9.327868852459016,5597.528889684079
1766,145,9.327868852459016,6462.244347563358
1784,145,9.327868852459016,3374.2648893369374
1782,145,9.327868852459016,4200.822983759466
1794,145,9.327868852459016,5014.302603002978
1792,145,9.327868852459016,2579.640343980664
1796,145,9.327868852459016,3690.2377710701853
1786,145,9.327868852459016,6046.836704208417
1740,145,9.327868852459016,5195.116062083765
1800,145,9.327868852459016,5576.358411202998
1802,145,9.327868852459016,5565.345792192081
1806,145,9.327868852459016,6701.005158126873
1818,145,9.327868852459016,4127.692972930124
1820,145,9.327868852459016,4137.264868894895
1736,145,9.327868852459016,6636.60118038484
1746,145,9.327868852459016,4461.239547553848
1744,145,9.327868852459016,4553.4183674935075
1742,145,9.327868852459016,4857.643184893179
1036,027,8.885245901639344,3505.4595696606366
1040,027,8.885245901639344,1981.7069781958025
890,027,8.885245901639344,3797.1083407699
878,027,8.885245901639344,4225.034779496534
884,027,8.885245901639344,3088.8248595018995
888,027,8.885245901639344,3195.827075228011
1116,027,8.885245901639344,2166.082121594656
832,027,8.885245901639344,4635.652365123012
1090,027,8.885245901639344,2343.606641319277
1064,027,8.885245901639344,1662.1686882059064
1094,027,8.885245901639344,1997.6680419880217
1050,027,8.885245901639344,1850.8147533694514
1068,027,8.885245901639344,1743.1953263218304
1066,027,8.885245901639344,2430.24442571942
1052,027,8.885245901639344,3595.6722121589883
1042,027,8.885245901639344,2847.910650829364
1062,027,8.885245901639344,2518.9950986101317
1048,027,8.885245901639344,2451.917468746255
1044,027,8.885245901639344,2269.8157310492475
1054,027,8.885245901639344,3121.3944534340226
1134,027,8.885245901639344,2769.8232904305037
1136,027,8.885245901639344,2627.08752684359
535,077,8.338815789473685,3178.7751565872786
513,077,8.338815789473685,5663.1240256295905
471,077,8.338815789473685,6808.246677197139
485,077,8.338815789473685,785.8517359596127
519,077,8.338815789473685,1738.8520184242434
483,077,8.338815789473685,456.46585795183495
421,077,8.338815789473685,2222.936244479359
403,077,8.338815789473685,5656.204856825462
385,077,8.338815789473685,937.0896102141058
389,077,8.338815789473685,5555.062770748329
393,077,8.338815789473685,6972.592821984718
369,077,8.338815789473685,6101.453342864297
373,077,8.338815789473685,3847.152254223229
443,077,8.338815789473685,1405.8110850384444
375,077,8.338815789473685,2596.378004338045
349,077,8.338815789473685,3360.1199894328674
758,032,8.216666666666667,5907.8392548219545
756,032,8.216666666666667,10124.73430599591
740,032,8.216666666666667,7921.788679925689
966,032,8.216666666666667,6381.994647294534
724,032,8.216666666666667,6733.560261605968
736,032,8.216666666666667,7757.336942557157
946,032,8.216666666666667,6361.318689396441
948,032,8.216666666666667,5777.118012053615
722,032,8.216666666666667,8390.088515472897
952,032,8.216666666666667,3665.8464475209084
760,032,8.216666666666667,8086.3526954504705
730,032,8.216666666666667,5201.318659852637
698,032,8.216666666666667,3719.4681732230792
744,032,8.216666666666667,6202.340895457315
734,032,8.216666666666667,8965.008811959724
542,032,8.216666666666667,4759.636165479391
788,032,8.216666666666667,9193.172082887655
790,032,8.216666666666667,4968.634774414668
806,032,8.216666666666667,9859.194412796456
804,032,8.216666666666667,5802.9613744566195
808,032,8.216666666666667,8987.440245633388
786,032,8.216666666666667,4984.721293326155
780,032,8.216666666666667,8893.833167962775
776,032,8.216666666666667,6191.521867308104
748,032,8.216666666666667,5833.717717618698
774,032,8.216666666666667,6740.1221527856005
752,032,8.216666666666667,8523.872411159267
712,032,8.216666666666667,6457.681843787632
754,032,8.216666666666667,3698.803712777008
750,032,8.216666666666667,6617.261466873814
764,032,8.216666666666667,6633.483293313377
766,032,8.216666666666667,8595.511273519896
716,032,8.216666666666667,7883.447075463145
714,032,8.216666666666667,9640.563397218779
720,032,8.216666666666667,9277.918884518172
718,032,8.216666666666667,5676.054600973883
738,032,8.216666666666667,9240.449421410785
742,032,8.216666666666667,9588.74755408265
968,032,8.216666666666667,4672.6733196971545
726,032,8.216666666666667,6588.054997623328
944,032,8.216666666666667,4654.707736072978
960,032,8.216666666666667,5053.198976405469
798,032,8.216666666666667,7588.94974517331
802,032,8.216666666666667,10742.200497590995
782,032,8.216666666666667,8288.376699548018
796,032,8.216666666666667,10740.621356978623
778,032,8.216666666666667,10273.879186748412
770,032,8.216666666666667,9197.482239668323
706,032,8.216666666666667,7462.876039411451
708,032,8.216666666666667,7834.848733242799
772,032,8.216666666666667,9513.975099886802
686,032,8.216666666666667,3945.617089774722
642,032,8.216666666666667,4738.638018518803
826,032,8.216666666666667,7451.178973684234
830,032,8.216666666666667,3831.6422697369403
838,032,8.216666666666667,4638.146224582324
652,032,8.216666666666667,4806.870204385474
660,032,8.216666666666667,4033.232739989579
810,032,8.216666666666667,7067.300205229342
794,032,8.216666666666667,10748.784430670417
820,032,8.216666666666667,7945.269206612423
822,032,8.216666666666667,6450.819838663629
814,032,8.216666666666667,6515.770475170968
812,032,8.216666666666667,8699.297930920568
816,032,8.216666666666667,10115.49564913972
842,032,8.216666666666667,4708.910012353746
630,032,8.216666666666667,5420.116808621741
926,032,8.216666666666667,2999.0080063298583
928,032,8.216666666666667,6116.172381791255
930,032,8.216666666666667,3504.7804466540815
918,032,8.216666666666667,3938.7116556427677
902,032,8.216666666666667,3193.1306173394833
962,032,8.216666666666667,5396.165186156292
850,032,8.216666666666667,3417.615294173208
582,032,8.216666666666667,3977.912227746344
628,032,8.216666666666667,3913.039117552936
626,032,8.216666666666667,5201.545054784088
624,032,8.216666666666667,4631.773640202147
846,032,8.216666666666667,8398.04300884913
840,032,8.216666666666667,6398.931431096598
662,032,8.216666666666667,3177.3206469379516
580,032,8.216666666666667,5336.092092390501
856,032,8.216666666666667,5787.314090737323
854,032,8.216666666666667,6465.110030210808
694,032,8.216666666666667,5107.845737887891
676,032,8.216666666666667,3698.9983953093406
564,032,8.216666666666667,5872.9930798367495
566,032,8.216666666666667,3975.065378637262
792,032,8.216666666666667,8046.7344656282385
762,032,8.216666666666667,7882.282913942375
692,032,8.216666666666667,4734.544097392373
678,032,8.216666666666667,3936.068318018609
818,032,8.216666666666667,7685.808030187706
891,027,7.7730263157894735,3797.1083407699
1055,027,7.7730263157894735,3121.3944534340226
1065,027,7.7730263157894735,1662.1686882059064
1067,027,7.7730263157894735,2430.24442571942
1051,027,7.7730263157894735,1850.8147533694514
1053,027,7.7730263157894735,3595.6722121589883
879,027,7.7730263157894735,4225.034779496534
1049,027,7.7730263157894735,2451.917468746255
1095,027,7.7730263157894735,1997.6680419880217
1091,027,7.7730263157894735,2343.606641319277
833,027,7.7730263157894735,4635.652365123012
1063,027,7.7730263157894735,2518.9950986101317
1043,027,7.7730263157894735,2847.910650829364
1041,027,7.7730263157894735,1981.7069781958025
885,027,7.7730263157894735,3088.8248595018995
1037,027,7.7730263157894735,3505.4595696606366
1135,027,7.7730263157894735,2769.8232904305037
1117,027,7.7730263157894735,2166.082121594656
1069,027,7.7730263157894735,1743.1953263218304
1045,027,7.7730263157894735,2269.8157310492475
889,027,7.7730263157894735,3195.827075228011
1137,027,7.7730263157894735,2627.08752684359
1373,085,7.198675496688741,4600.265999139916
1383,085,7.198675496688741,1881.0002758409978
1365,085,7.198675496688741,5768.741431766223
1347,085,7.198675496688741,3016.664789963179
1409,085,7.198675496688741,1098.5747304686913
1371,085,7.198675496688741,4171.598520364061
1413,085,7.198675496688741,3998.308798216561
1353,085,7.198675496688741,7631.246697604227
1311,085,7.198675496688741,7535.99018990685
1317,085,7.198675496688741,4119.039981372832
1313,085,7.198675496688741,6789.8622364629555
1289,085,7.198675496688741,3041.3326338950587
1339,085,7.198675496688741,1903.049712863939
1363,085,7.198675496688741,5487.856491129633
1357,085,7.198675496688741,1924.3025908599443
1385,085,7.198675496688741,4006.634722575092
1325,085,7.198675496688741,3933.171557167039
1323,085,7.198675496688741,3987.1045675567007
1331,085,7.198675496688741,4601.137868749232
1399,085,7.198675496688741,1855.5818819085832
1335,085,7.198675496688741,2946.235594206223
1333,085,7.198675496688741,1377.6589115465858
1503,085,7.198675496688741,7863.854330193606
1337,085,7.198675496688741,4113.123637466222
1341,085,7.198675496688741,7957.992986541078
1507,085,7.198675496688741,4784.425652659692
743,032,7.0,9588.74755408265
741,032,7.0,7921.788679925689
721,032,7.0,9277.918884518172
719,032,7.0,5676.054600973883
717,032,7.0,7883.447075463145
949,032,7.0,5777.118012053615
953,032,7.0,3665.8464475209084
723,032,7.0,8390.088515472897
725,032,7.0,6733.560261605968
969,032,7.0,4672.6733196971545
945,032,7.0,4654.707736072978
967,032,7.0,6381.994647294534
947,032,7.0,6361.318689396441
735,032,7.0,8965.008811959724
737,032,7.0,7757.336942557157
745,032,7.0,6202.340895457315
715,032,7.0,9640.563397218779
739,032,7.0,9240.449421410785
755,032,7.0,3698.803712777008
713,032,7.0,6457.681843787632
709,032,7.0,7834.848733242799
749,032,7.0,5833.717717618698
751,032,7.0,6617.261466873814
699,032,7.0,3719.4681732230792
727,032,7.0,6588.054997623328
761,032,7.0,8086.3526954504705
731,032,7.0,5201.318659852637
759,032,7.0,5907.8392548219545
757,032,7.0,10124.73430599591
797,032,7.0,10740.621356978623
799,032,7.0,7588.94974517331
803,032,7.0,10742.200497590995
805,032,7.0,5802.9613744566195
807,032,7.0,9859.194412796456
787,032,7.0,4984.721293326155
781,032,7.0,8893.833167962775
773,032,7.0,9513.975099886802
789,032,7.0,9193.172082887655
791,032,7.0,4968.634774414668
543,032,7.0,4759.636165479391
687,032,7.0,3945.617089774722
783,032,7.0,8288.376699548018
779,032,7.0,10273.879186748412
777,032,7.0,6191.521867308104
775,032,7.0,6740.1221527856005
767,032,7.0,8595.511273519896
771,032,7.0,9197.482239668323
707,032,7.0,7462.876039411451
765,032,7.0,6633.483293313377
753,032,7.0,8523.872411159267
695,032,7.0,5107.845737887891
679,032,7.0,3936.068318018609
677,032,7.0,3698.9983953093406
815,032,7.0,6515.770475170968
819,032,7.0,7685.808030187706
809,032,7.0,8987.440245633388
821,032,7.0,7945.269206612423
793,032,7.0,8046.7344656282385
763,032,7.0,7882.282913942375
567,032,7.0,3975.065378637262
565,032,7.0,5872.9930798367495
855,032,7.0,6465.110030210808
827,032,7.0,7451.178973684234
631,032,7.0,5420.116808621741
831,032,7.0,3831.6422697369403
823,032,7.0,6450.819838663629
643,032,7.0,4738.638018518803
857,032,7.0,5787.314090737323
839,032,7.0,4638.146224582324
661,032,7.0,4033.232739989579
653,032,7.0,4806.870204385474
795,032,7.0,10748.784430670417
663,032,7.0,3177.3206469379516
841,032,7.0,6398.931431096598
817,032,7.0,10115.49564913972
813,032,7.0,8699.297930920568
811,032,7.0,7067.300205229342
693,032,7.0,4734.544097392373
963,032,7.0,5396.165186156292
847,032,7.0,8398.04300884913
851,032,7.0,3417.615294173208
625,032,7.0,4631.773640202147
627,032,7.0,5201.545054784088
583,032,7.0,3977.912227746344
843,032,7.0,4708.910012353746
581,032,7.0,5336.092092390501
629,032,7.0,3913.039117552936
961,032,7.0,5053.198976405469
903,032,7.0,3193.1306173394833
919,032,7.0,3938.7116556427677
927,032,7.0,2999.0080063298583
929,032,7.0,6116.172381791255
931,032,7.0,3504.7804466540815
1819,145,6.582236842105263,4127.692972930124
1821,145,6.582236842105263,4137.264868894895
1799,145,6.582236842105263,5981.362778176443
1801,145,6.582236842105263,5576.358411202998
1767,145,6.582236842105263,6462.244347563358
1783,145,6.582236842105263,4200.822983759466
1785,145,6.582236842105263,3374.2648893369374
1787,145,6.582236842105263,6046.836704208417
1793,145,6.582236842105263,2579.640343980664
1795,145,6.582236842105263,5014.302603002978
1797,145,6.582236842105263,3690.2377710701853
1809,145,6.582236842105263,5719.548239148543
1751,145,6.582236842105263,2429.983782097534
1757,145,6.582236842105263,5597.528889684079
1737,145,6.582236842105263,6636.60118038484
1741,145,6.582236842105263,5195.116062083765
1743,145,6.582236842105263,4857.643184893179
1745,145,6.582236842105263,4553.4183674935075
1747,145,6.582236842105263,4461.239547553848
1749,145,6.582236842105263,1779.1114010662213
1803,145,6.582236842105263,5565.345792192081
1807,145,6.582236842105263,6701.005158126873
1815,145,6.582236842105263,5485.602572307124
1811,145,6.582236842105263,5501.835863349025
1847,145,6.582236842105263,6155.971067415745
1825,145,6.582236842105263,3384.231502119184
1843,145,6.582236842105263,4081.5344638895062
1831,145,6.582236842105263,3754.031116220556
