Station;124 Mariendorfer Damm;124 Mariendorfer Damm;124 Mariendorfer Damm;124 Mariendorfer Damm;124 Mariendorfer Damm
Messkomponente;Feinstaub (PM10);Feinstaub (PM2,5);Stickstoffdioxid;Stickstoffmonoxid;Stickoxide
Einheit;µg/m³;µg/m³;µg/m³;µg/m³;µg/m³
Messzeit (Angaben in MESZ bzw. MEZ);Tageswerte;Tageswerte;Tageswerte;Tageswerte;Tageswerte

01.11.2024;34;26;24;24;60
02.11.2024;21;13;30;23;65
03.11.2024;30;22;37;27;78
04.11.2024;23;16;31;42;96
05.11.2024;30;21;23;31;71
06.11.2024;31;21;25;51;104
07.11.2024;15;11;23;31;71
08.11.2024;24;19;13;3;17
09.11.2024;41;34;15;3;19
10.11.2024;42;31;22;12;40
11.11.2024;34;27;18;23;53
12.11.2024;29;23;22;20;53
13.11.2024;26;18;36;56;122
14.11.2024;19;13;33;39;92
15.11.2024;31;17;32;31;80
16.11.2024;22;16;19;14;40
17.11.2024;15;11;12;8;24
18.11.2024;12;7;25;20;56
19.11.2024;11;8;21;16;46
20.11.2024;11;8;28;28;70
21.11.2024;16;10;29;31;76
22.11.2024;19;13;33;33;84
23.11.2024;12;8;24;17;50
24.11.2024;12;7;13;7;24
25.11.2024;26;12;29;18;57
26.11.2024;26;14;40;38;99
27.11.2024;21;13;29;34;81
28.11.2024;8;5;18;17;44
29.11.2024;14;8;34;38;92
30.11.2024;19;13;26;17;52
01.12.2024;27;21;24;14;46
02.12.2024;24;17;33;43;99
03.12.2024;23;16;32;45;100
04.12.2024;20;13;37;49;112
05.12.2024;21;14;28;25;66
06.12.2024;16;12;35;38;92
07.12.2024;13;9;19;9;33
08.12.2024;23;19;12;4;17
09.12.2024;16;13;13;11;29
10.12.2024;18;14;15;8;27
11.12.2024;23;16;33;33;83
12.12.2024;33;22;38;39;98
13.12.2024;24;18;20;9;34
14.12.2024;37;30;23;24;59
15.12.2024;26;21;16;10;32
16.12.2024;15;12;18;15;40
17.12.2024;22;15;27;21;59
18.12.2024;16;9;25;19;53
19.12.2024;11;6;19;13;38
20.12.2024;15;9;25;19;54
21.12.2024;11;8;15;10;31
22.12.2024;8;6;19;11;36
23.12.2024;13;9;25;19;54
24.12.2024;14;10;26;23;62
25.12.2024;21;15;21;15;45
26.12.2024;17;12;17;16;42
27.12.2024;14;9;17;23;53
28.12.2024;24;17;21;29;66
29.12.2024;27;22;27;25;65
30.12.2024;20;15;19;20;50
31.12.2024;35;26;22;21;54
01.01.2025;36;24;10;7;22
02.01.2025;14;8;25;18;53
03.01.2025;10;6;21;14;42
04.01.2025;14;11;23;15;46
05.01.2025;20;16;17;3;21
06.01.2025;14;9;26;15;48
07.01.2025;16;6;23;14;44
08.01.2025;20;9;31;23;66
09.01.2025;15;11;29;18;56
10.01.2025;17;13;30;26;70
11.01.2025;11;8;13;10;29
12.01.2025;9;6;17;8;30
13.01.2025;21;14;45;45;114
14.01.2025;36;19;37;32;86
15.01.2025;19;15;34;29;78
16.01.2025;24;17;30;30;77
17.01.2025;35;24;29;40;89
18.01.2025;36;26;34;34;86
19.01.2025;31;25;24;7;36
20.01.2025;47;37;35;34;88
21.01.2025;38;30;40;43;106
22.01.2025;35;24;25;10;41
23.01.2025;25;20;28;21;60
24.01.2025;14;10;26;17;51
25.01.2025;16;8;27;13;46
26.01.2025;18;13;21;10;37
27.01.2025;10;7;27;14;48
28.01.2025;15;10;42;36;96
29.01.2025;14;7;25;18;53
30.01.2025;21;10;37;34;89
31.01.2025;19;9;30;22;64
01.02.2025;29;19;38;26;79
02.02.2025;22;15;36;19;65
03.02.2025;37;22;47;55;131
04.02.2025;54;34;44;52;125
05.02.2025;40;28;38;45;106
06.02.2025;23;16;24;18;51
07.02.2025;22;17;13;3;18
08.02.2025;36;29;14;3;19
09.02.2025;47;39;21;5;29
10.02.2025;53;43;18;8;31
11.02.2025;41;32;14;2;18
12.02.2025;57;47;19;5;26
13.02.2025;67;55;32;33;83
14.02.2025;26;19;38;24;75
15.02.2025;20;15;46;31;93
16.02.2025;21;16;38;14;59
17.02.2025;33;16;60;58;147
18.02.2025;73;26;65;76;180
19.02.2025;36;21;41;33;92
20.02.2025;42;27;22;4;28
21.02.2025;46;34;28;10;43
22.02.2025;48;30;22;4;28
23.02.2025;41;24;36;30;82
24.02.2025;47;19;32;23;67
25.02.2025;37;21;32;27;73
26.02.2025;31;25;22;14;44
27.02.2025;36;20;33;34;85
28.02.2025;23;16;29;32;78
01.03.2025;20;12;28;18;56
02.03.2025;19;13;19;11;35
03.03.2025;28;14;44;26;83
04.03.2025;39;20;51;29;96
05.03.2025;38;19;49;25;87
06.03.2025;48;22;58;37;114
07.03.2025;53;27;55;42;120
08.03.2025;42;29;33;6;43
09.03.2025;66;46;40;30;86
10.03.2025;82;51;65;70;172
11.03.2025;67;49;39;28;82
12.03.2025;43;29;38;34;91
13.03.2025;28;17;38;32;86
14.03.2025;29;17;38;31;85
15.03.2025;30;25;19;5;27
16.03.2025;26;19;26;17;52
17.03.2025;12;6;24;8;36
18.03.2025;36;14;61;45;130
19.03.2025;45;20;59;50;135
20.03.2025;50;22;61;52;140
21.03.2025;41;24;37;23;72
22.03.2025;36;22;11;2;12
23.03.2025;37;27;14;2;16
24.03.2025;44;29;36;13;56
25.03.2025;53;36;34;29;78
26.03.2025;29;19;35;31;83
27.03.2025;27;17;36;39;95
28.03.2025;26;17;25;8;37
29.03.2025;34;23;34;17;60
30.03.2025;15;10;22;10;38
31.03.2025;17;11;23;16;48
01.04.2025;15;10;19;8;32
02.04.2025;22;15;19;6;27
03.04.2025;21;9;27;10;42
04.04.2025;27;12;47;53;127
05.04.2025;13;8;12;4;18
06.04.2025;8;5;17;5;25
07.04.2025;15;6;30;18;57
08.04.2025;19;8;32;15;55
09.04.2025;30;12;36;29;80
10.04.2025;27;15;24;18;51
11.04.2025;37;19;35;23;70
12.04.2025;28;17;31;15;54
13.04.2025;24;14;22;6;31
14.04.2025;30;16;38;24;75
15.04.2025;22;13;11;3;15
16.04.2025;22;12;21;15;44
17.04.2025;41;19;26;12;44
18.04.2025;23;17;15;12;32
19.04.2025;13;9;18;14;39
20.04.2025;28;20;26;11;42
21.04.2025;20;14;23;8;35
22.04.2025;19;10;40;24;76
23.04.2025;22;15;25;16;48
24.04.2025;16;10;15;4;22
25.04.2025;15;10;10;4;16
26.04.2025;12;6;10;2;14
27.04.2025;16;8;11;2;13
28.04.2025;25;11;43;13;63
29.04.2025;28;11;43;25;81
30.04.2025;24;10;41;31;88
01.05.2025;17;9;21;6;31
02.05.2025;30;13;32;13;52
03.05.2025;20;12;23;15;46
04.05.2025;12;6;12;7;23
05.05.2025;12;5;12;6;21
06.05.2025;19;8;31;31;78
07.05.2025;14;7;18;4;25
08.05.2025;14;7;19;4;25
09.05.2025;21;10;41;25;79
10.05.2025;16;9;21;11;38
11.05.2025;14;8;11;2;14
12.05.2025;20;9;20;6;28
13.05.2025;25;11;36;14;58
14.05.2025;32;11;33;19;62
15.05.2025;20;7;18;11;34
16.05.2025;18;9;27;19;56
17.05.2025;13;7;19;10;34
18.05.2025;11;7;15;8;27
19.05.2025;16;10;28;19;56
20.05.2025;24;12;40;25;78
21.05.2025;26;11;33;19;61
22.05.2025;25;10;21;19;50
23.05.2025;14;7;31;25;69
24.05.2025;14;8;25;14;46
25.05.2025;15;10;15;8;28
26.05.2025;19;11;32;24;68
27.05.2025;23;12;32;18;60
28.05.2025;14;8;27;24;63
29.05.2025;12;7;15;8;28
30.05.2025;20;12;25;20;55
31.05.2025;18;11;25;11;42
01.06.2025;16;10;15;6;24
02.06.2025;26;15;38;23;73
03.06.2025;21;11;35;19;64
04.06.2025;25;14;28;16;53
05.06.2025;19;10;32;24;68
06.06.2025;14;6;24;14;46
07.06.2025;12;7;18;10;34
08.06.2025;12;7;10;5;18
09.06.2025;12;7;12;6;22
10.06.2025;27;18;27;18;55
11.06.2025;19;11;27;18;54
12.06.2025;16;8;20;9;33
13.06.2025;12;6;7;2;10
14.06.2025;15;9;7;2;7
15.06.2025;20;13;19;6;27
16.06.2025;17;9;25;18;53
17.06.2025;20;11;38;22;71
18.06.2025;25;13;36;20;67
19.06.2025;18;8;21;16;46
20.06.2025;19;9;32;22;66
21.06.2025;21;10;39;13;59
22.06.2025;20;11;23;4;29
23.06.2025;24;10;19;12;37
24.06.2025;21;9;24;15;47
25.06.2025;16;10;24;22;58
26.06.2025;16;8;19;8;31
27.06.2025;17;10;22;19;51
28.06.2025;16;9;20;11;36
29.06.2025;13;8;13;6;23
30.06.2025;16;9;25;18;52
01.07.2025;17;8;17;5;23
02.07.2025;20;8;20;5;27
03.07.2025;20;9;23;16;48
04.07.2025;18;8;34;25;72
05.07.2025;20;10;30;11;46
06.07.2025;14;7;16;6;26
07.07.2025;12;7;29;23;64
08.07.2025;16;9;22;20;53
09.07.2025;14;8;20;18;49
10.07.2025;17;10;26;25;64
11.07.2025;16;8;24;22;57
12.07.2025;13;9;20;20;51
13.07.2025;14;9;16;9;30
14.07.2025;22;12;36;26;75
15.07.2025;21;13;34;27;76
16.07.2025;19;10;32;26;71
17.07.2025;17;11;28;25;66
18.07.2025;20;12;27;13;47
19.07.2025;21;12;23;8;35
20.07.2025;21;13;8;2;9
21.07.2025;20;12;29;20;59
22.07.2025;17;9;26;23;62
23.07.2025;18;11;27;22;61
24.07.2025;19;11;32;23;68
25.07.2025;18;12;31;26;71
26.07.2025;16;10;26;16;51
27.07.2025;17;11;18;9;32
28.07.2025;17;11;21;20;52
29.07.2025;16;8;23;23;58
30.07.2025;15;8;25;24;62
31.07.2025;16;10;24;25;61
01.08.2025;17;10;27;24;64
02.08.2025;14;8;23;15;46
03.08.2025;11;8;13;11;30
04.08.2025;15;9;23;16;48
05.08.2025;17;10;21;19;50
06.08.2025;16;8;24;18;51
07.08.2025;20;9;30;17;55
08.08.2025;26;11;34;16;59
09.08.2025;24;12;25;6;34
10.08.2025;18;10;14;6;24
11.08.2025;22;10;33;23;68
12.08.2025;22;10;20;8;31
13.08.2025;26;11;16;3;19
14.08.2025;34;14;22;3;27
15.08.2025;36;17;30;11;46
16.08.2025;22;12;17;9;31
17.08.2025;16;9;14;7;25
18.08.2025;15;7;23;15;45
19.08.2025;20;8;35;15;57
20.08.2025;19;10;17;8;28
21.08.2025;16;6;22;15;46
22.08.2025;16;7;18;18;46
23.08.2025;11;6;16;11;33
24.08.2025;11;6;15;9;29
25.08.2025;17;8;33;25;72
26.08.2025;15;8;29;23;63
27.08.2025;26;10;26;6;35
28.08.2025;28;21;28;21;60
29.08.2025;26;18;27;27;69
30.08.2025;20;13;24;15;48
31.08.2025;13;8;18;7;29
01.09.2025;14;8;15;5;22
02.09.2025;13;8;26;26;66
03.09.2025;13;7;21;14;42
04.09.2025;16;7;31;15;54
05.09.2025;14;9;33;23;69
06.09.2025;14;8;26;16;51
07.09.2025;14;9;13;3;19
08.09.2025;15;9;22;6;30
09.09.2025;28;17;23;11;40
10.09.2025;29;18;33;19;61
11.09.2025;16;10;22;20;52
12.09.2025;12;7;27;24;63
13.09.2025;13;9;19;8;31
14.09.2025;12;8;21;10;36
15.09.2025;12;7;24;22;57
16.09.2025;14;7;19;16;43
17.09.2025;15;8;23;19;53
18.09.2025;12;7;22;22;56
19.09.2025;18;11;31;21;63
20.09.2025;22;12;33;12;51
21.09.2025;17;10;17;7;28
22.09.2025;13;7;25;20;56
23.09.2025;12;6;30;24;66
24.09.2025;10;5;13;4;18
25.09.2025;14;5;11;3;15
26.09.2025;17;7;10;3;14
27.09.2025;21;10;14;3;18
28.09.2025;21;11;14;2;17
29.09.2025;15;10;16;7;27
30.09.2025;17;11;15;8;28
01.10.2025;29;20;23;21;55
02.10.2025;34;20;38;67;140
03.10.2025;25;18;20;29;64
04.10.2025;15;11;15;7;26
05.10.2025;10;7;11;7;21
06.10.2025;14;8;23;21;55
07.10.2025;15;11;29;43;96
08.10.2025;15;10;25;40;86
09.10.2025;15;8;28;29;73
10.10.2025;16;10;23;23;57
11.10.2025;15;9;18;12;36
12.10.2025;12;8;17;12;36
13.10.2025;13;8;33;33;83
14.10.2025;14;10;32;39;92
15.10.2025;15;10;30;41;93
16.10.2025;15;10;32;33;82
17.10.2025;14;7;25;24;61
18.10.2025;12;8;27;29;72
19.10.2025;16;13;17;12;35
20.10.2025;15;10;16;5;22
21.10.2025;17;10;24;13;43
22.10.2025;17;11;30;44;97
23.10.2025;15;10;17;9;31
24.10.2025;24;6;17;15;40
25.10.2025;27;8;15;9;29
26.10.2025;8;5;8;5;16
27.10.2025;8;5;19;18;47
28.10.2025;11;7;22;21;53
29.10.2025;16;8;27;20;57
30.10.2025;11;6;23;19;53
31.10.2025;20;12;27;19;56