Station;221 Karl-Marx-Straße;221 Karl-Marx-Straße;221 Karl-Marx-Straße;221 Karl-Marx-Straße;221 Karl-Marx-Straße
Messkomponente;Feinstaub (PM10);Feinstaub (PM2,5);Stickstoffdioxid;Stickstoffmonoxid;Stickoxide
Einheit;µg/m³;µg/m³;µg/m³;µg/m³;µg/m³
Messzeit (Angaben in MESZ bzw. MEZ);Tageswerte;Tageswerte;Tageswerte;Tageswerte;Tageswerte

01.11.2024;29;22;19;12;38
02.11.2024;19;12;25;4;31
03.11.2024;23;16;36;17;62
04.11.2024;19;14;29;18;57
05.11.2024;26;19;24;19;52
06.11.2024;26;20;25;24;61
07.11.2024;13;9;22;12;40
08.11.2024;24;19;17;3;22
09.11.2024;39;32;17;4;23
10.11.2024;34;29;23;12;41
11.11.2024;32;25;19;21;51
12.11.2024;25;20;19;10;35
13.11.2024;21;15;31;24;68
14.11.2024;16;11;29;17;55
15.11.2024;24;13;26;11;44
16.11.2024;19;14;13;7;23
17.11.2024;12;9;11;5;18
18.11.2024;9;5;16;7;27
19.11.2024;11;8;26;12;44
20.11.2024;10;7;20;9;34
21.11.2024;12;8;22;9;35
22.11.2024;14;10;23;10;38
23.11.2024;12;9;20;10;35
24.11.2024;12;7;19;6;28
25.11.2024;24;12;28;14;50
26.11.2024;18;11;31;13;50
27.11.2024;19;13;28;16;53
28.11.2024;7;5;15;8;27
29.11.2024;12;8;24;10;39
30.11.2024;20;14;30;24;66
01.12.2024;26;21;28;20;59
02.12.2024;20;15;26;15;49
03.12.2024;18;14;27;18;55
04.12.2024;13;10;23;15;45
05.12.2024;17;12;23;12;42
06.12.2024;15;11;33;23;68
07.12.2024;13;10;21;10;36
08.12.2024;22;19;15;4;21
09.12.2024;16;12;12;7;23
10.12.2024;21;15;12;4;19
11.12.2024;18;14;22;8;34
12.12.2024;25;18;29;10;44
13.12.2024;21;16;24;9;38
14.12.2024;26;21;19;12;37
15.12.2024;12;9;12;5;20
16.12.2024;7;5;13;6;23
17.12.2024;13;9;18;9;31
18.12.2024;12;8;19;8;32
19.12.2024;8;5;15;7;25
20.12.2024;12;8;15;8;27
21.12.2024;10;8;17;7;27
22.12.2024;8;5;13;5;22
23.12.2024;11;8;16;8;28
24.12.2024;12;8;23;12;42
25.12.2024;19;15;22;9;36
26.12.2024;15;12;18;9;32
27.12.2024;15;10;21;21;52
28.12.2024;24;18;22;27;63
29.12.2024;23;20;26;16;50
30.12.2024;17;14;20;10;36
31.12.2024;23;19;19;13;38
01.01.2025;27;20;10;6;19
02.01.2025;12;7;19;9;32
03.01.2025;8;6;15;7;25
04.01.2025;14;11;21;10;36
05.01.2025;20;16;20;5;27
06.01.2025;12;9;25;8;38
07.01.2025;10;5;15;6;23
08.01.2025;11;7;23;9;36
09.01.2025;13;10;25;6;35
10.01.2025;13;10;24;11;40
11.01.2025;10;7;17;7;28
12.01.2025;9;6;13;3;17
13.01.2025;16;11;33;14;54
14.01.2025;22;16;30;11;47
15.01.2025;17;13;26;8;39
16.01.2025;16;12;19;9;34
17.01.2025;24;19;26;17;52
18.01.2025;31;23;36;33;87
19.01.2025;29;23;24;9;38
20.01.2025;41;32;35;28;78
21.01.2025;31;26;39;21;71
22.01.2025;30;24;33;18;61
23.01.2025;19;15;26;12;44
24.01.2025;14;10;23;9;37
25.01.2025;14;8;27;11;43
26.01.2025;11;9;19;6;29
27.01.2025;10;7;33;12;51
28.01.2025;13;10;37;20;67
29.01.2025;9;6;19;7;29
30.01.2025;14;8;31;16;55
31.01.2025;12;7;21;10;37
01.02.2025;22;15;34;15;56
02.02.2025;17;13;25;5;32
03.02.2025;29;19;47;38;105
04.02.2025;43;31;43;33;93
05.02.2025;29;22;35;20;65
06.02.2025;19;14;20;5;28
07.02.2025;21;16;12;2;16
08.02.2025;35;28;16;4;21
09.02.2025;45;37;17;4;24
10.02.2025;50;41;18;5;25
11.02.2025;41;31;17;3;21
12.02.2025;56;45;19;5;26
13.02.2025;61;51;25;10;40
14.02.2025;21;17;25;5;32
15.02.2025;15;11;35;13;54
16.02.2025;18;14;27;4;33
17.02.2025;19;13;43;13;64
18.02.2025;31;16;66;47;137
19.02.2025;29;19;57;33;107
20.02.2025;38;25;36;10;51
21.02.2025;41;33;40;18;68
22.02.2025;43;29;32;10;47
23.02.2025;27;21;39;28;82
24.02.2025;25;15;37;22;71
25.02.2025;26;18;31;12;49
26.02.2025;29;24;27;12;46
27.02.2025;26;17;23;11;40
28.02.2025;21;16;27;15;50
01.03.2025;17;11;23;10;38
02.03.2025;18;13;19;7;30
03.03.2025;21;12;36;14;58
04.03.2025;31;18;45;17;70
05.03.2025;29;15;45;13;65
06.03.2025;38;20;55;18;82
07.03.2025;51;28;67;33;117
08.03.2025;40;27;29;3;33
09.03.2025;67;47;37;21;69
10.03.2025;73;49;64;31;111
11.03.2025;60;46;36;14;57
12.03.2025;36;26;29;11;45
13.03.2025;23;15;31;13;51
14.03.2025;24;15;31;11;48
15.03.2025;30;24;18;3;24
16.03.2025;24;18;18;4;25
17.03.2025;10;5;15;2;19
18.03.2025;22;10;49;21;81
19.03.2025;37;18;60;30;106
20.03.2025;52;23;65;49;139
21.03.2025;44;25;41;15;64
22.03.2025;36;22;13;2;15
23.03.2025;37;27;14;2;16
24.03.2025;41;27;26;4;33
25.03.2025;52;36;31;15;53
26.03.2025;27;18;30;15;52
27.03.2025;24;16;28;16;53
28.03.2025;26;18;28;6;37
29.03.2025;33;23;23;4;29
30.03.2025;14;9;23;7;34
31.03.2025;16;12;17;4;23
01.04.2025;14;9;15;3;19
02.04.2025;22;15;16;3;20
03.04.2025;20;9;20;3;24
04.04.2025;24;11;33;14;54
05.04.2025;14;8;10;2;13
06.04.2025;;;11;2;14
07.04.2025;;;18;3;23
08.04.2025;16;8;18;2;21
09.04.2025;23;11;24;7;35
10.04.2025;24;13;16;6;25
11.04.2025;35;19;30;13;51
12.04.2025;31;19;34;10;50
13.04.2025;24;13;21;5;28
14.04.2025;25;14;29;8;41
15.04.2025;24;14;17;4;24
16.04.2025;21;11;19;6;27
17.04.2025;44;18;23;6;32
18.04.2025;22;16;13;6;22
19.04.2025;12;9;15;9;28
20.04.2025;28;20;27;12;45
21.04.2025;20;14;22;5;30
22.04.2025;16;10;31;9;45
23.04.2025;24;16;25;5;32
24.04.2025;16;10;12;2;15
25.04.2025;16;9;10;2;12
26.04.2025;13;7;10;2;12
27.04.2025;17;9;12;2;13
28.04.2025;25;10;29;4;34
29.04.2025;23;10;29;5;36
30.04.2025;19;9;24;7;34
01.05.2025;19;9;19;3;23
02.05.2025;30;13;23;4;30
03.05.2025;19;12;16;5;24
04.05.2025;12;6;10;3;13
05.05.2025;10;5;10;2;12
06.05.2025;15;7;17;6;26
07.05.2025;14;6;10;2;12
08.05.2025;14;7;12;2;14
09.05.2025;19;8;25;6;34
10.05.2025;16;8;13;2;15
11.05.2025;14;8;9;2;11
12.05.2025;21;9;14;3;17
13.05.2025;24;10;21;3;26
14.05.2025;28;10;20;4;27
15.05.2025;19;7;9;2;10
16.05.2025;16;8;20;5;28
17.05.2025;13;8;15;3;20
18.05.2025;11;7;12;2;15
19.05.2025;15;10;18;7;29
20.05.2025;22;12;28;7;39
21.05.2025;23;10;17;4;23
22.05.2025;23;9;14;7;25
23.05.2025;11;6;16;6;25
24.05.2025;14;8;17;6;27
25.05.2025;15;10;14;4;21
26.05.2025;18;10;19;5;28
27.05.2025;21;11;19;5;27
28.05.2025;11;7;14;5;22
29.05.2025;11;6;9;3;13
30.05.2025;18;10;17;8;29
31.05.2025;17;10;17;3;21
01.06.2025;15;10;11;2;14
02.06.2025;24;14;19;5;27
03.06.2025;19;11;21;4;28
04.06.2025;23;13;20;5;28
05.06.2025;16;9;17;5;25
06.06.2025;14;7;18;4;24
07.06.2025;12;7;16;5;23
08.06.2025;13;7;8;3;12
09.06.2025;12;7;12;3;16
10.06.2025;25;17;17;4;23
11.06.2025;18;11;12;2;15
12.06.2025;21;9;10;2;12
13.06.2025;20;8;11;2;12
14.06.2025;18;10;14;2;17
15.06.2025;19;12;11;2;13
16.06.2025;16;9;13;3;18
17.06.2025;21;12;21;4;27
18.06.2025;23;12;20;3;25
19.06.2025;17;8;10;2;13
20.06.2025;18;9;14;3;18
21.06.2025;22;11;27;5;34
22.06.2025;21;10;24;2;27
23.06.2025;22;9;12;3;17
24.06.2025;20;8;11;3;16
25.06.2025;14;8;12;4;19
26.06.2025;18;8;16;3;21
27.06.2025;16;9;14;4;20
28.06.2025;16;9;15;4;22
29.06.2025;13;7;9;2;12
30.06.2025;17;9;12;3;16
01.07.2025;19;9;17;3;20
02.07.2025;22;8;25;2;28
03.07.2025;19;8;14;4;19
04.07.2025;16;7;17;4;23
05.07.2025;19;8;22;5;29
06.07.2025;14;6;12;3;16
07.07.2025;21;6;14;7;25
08.07.2025;15;8;13;4;19
09.07.2025;13;8;12;5;20
10.07.2025;16;10;17;5;24
11.07.2025;14;8;17;5;25
12.07.2025;12;8;16;8;28
13.07.2025;;;14;5;22
14.07.2025;;;27;9;41
15.07.2025;19;12;21;8;33
16.07.2025;18;9;20;6;31
17.07.2025;17;11;17;8;30
18.07.2025;21;12;22;4;28
19.07.2025;23;13;22;5;29
20.07.2025;23;13;9;2;10
21.07.2025;21;13;20;8;32
22.07.2025;15;8;15;6;24
23.07.2025;17;11;20;8;32
24.07.2025;18;10;22;8;34
25.07.2025;17;11;21;8;33
26.07.2025;16;10;18;6;27
27.07.2025;17;10;15;3;19
28.07.2025;19;10;11;3;16
29.07.2025;15;7;14;6;23
30.07.2025;19;8;14;6;24
31.07.2025;17;10;14;7;24
01.08.2025;19;10;16;7;26
02.08.2025;14;9;18;6;26
03.08.2025;11;7;9;4;15
04.08.2025;15;9;19;6;28
05.08.2025;15;9;15;6;25
06.08.2025;14;7;16;7;28
07.08.2025;22;10;30;7;40
08.08.2025;26;10;29;6;38
09.08.2025;26;13;30;4;36
10.08.2025;20;11;12;2;15
11.08.2025;24;11;24;6;33
12.08.2025;25;11;21;4;27
13.08.2025;29;12;13;2;16
14.08.2025;39;16;25;4;30
15.08.2025;39;18;20;2;23
16.08.2025;24;12;12;2;16
17.08.2025;19;9;9;2;12
18.08.2025;16;7;17;3;21
19.08.2025;21;9;30;6;39
20.08.2025;20;10;8;2;8
21.08.2025;18;7;11;3;15
22.08.2025;15;6;12;5;19
23.08.2025;10;5;13;6;22
24.08.2025;11;6;11;4;18
25.08.2025;15;7;24;8;36
26.08.2025;19;8;24;6;33
27.08.2025;38;14;31;8;43
28.08.2025;28;20;27;9;41
29.08.2025;26;19;25;11;43
30.08.2025;23;13;23;9;38
31.08.2025;17;10;22;5;30
01.09.2025;19;9;24;5;32
02.09.2025;13;9;24;12;43
03.09.2025;15;7;19;7;30
04.09.2025;21;8;29;8;41
05.09.2025;14;8;23;9;37
06.09.2025;16;9;18;4;23
07.09.2025;15;10;11;2;12
08.09.2025;17;10;18;2;20
09.09.2025;31;18;24;3;28
10.09.2025;30;19;29;9;42
11.09.2025;15;9;14;8;27
12.09.2025;13;7;22;11;38
13.09.2025;16;10;27;10;43
14.09.2025;13;8;21;7;33
15.09.2025;13;7;24;12;42
16.09.2025;13;6;11;5;19
17.09.2025;14;8;15;8;27
18.09.2025;11;7;15;8;26
19.09.2025;20;13;29;12;48
20.09.2025;24;13;41;16;67
21.09.2025;19;10;19;4;25
22.09.2025;14;7;15;3;19
23.09.2025;13;6;20;6;29
24.09.2025;11;5;10;2;12
25.09.2025;15;6;9;2;11
26.09.2025;19;7;13;2;15
27.09.2025;23;11;17;2;20
28.09.2025;22;11;13;2;15
29.09.2025;18;11;17;4;23
30.09.2025;19;12;14;4;20
01.10.2025;30;20;20;9;33
02.10.2025;32;20;35;36;90
03.10.2025;24;17;29;22;64
04.10.2025;16;11;19;11;35
05.10.2025;10;6;9;3;13
06.10.2025;15;8;18;8;31
07.10.2025;16;11;23;17;49
08.10.2025;14;10;23;19;52
09.10.2025;15;8;22;11;39
10.10.2025;16;10;18;9;32
11.10.2025;16;10;19;8;31
12.10.2025;12;9;16;7;26
13.10.2025;13;8;25;11;42
14.10.2025;14;10;26;15;49
15.10.2025;14;9;26;14;48
16.10.2025;14;9;21;12;39
17.10.2025;14;7;21;9;34
18.10.2025;15;10;23;18;50
19.10.2025;19;15;22;10;38
20.10.2025;18;11;23;8;35
21.10.2025;19;11;29;14;50
22.10.2025;17;12;31;28;73
23.10.2025;16;11;21;11;37
24.10.2025;10;5;13;8;25
25.10.2025;9;5;14;7;25
26.10.2025;8;5;9;4;15
27.10.2025;8;5;17;11;33
28.10.2025;14;8;15;9;29
29.10.2025;15;8;25;14;46
30.10.2025;10;6;17;9;30
31.10.2025;20;13;33;18;60